<?xml version='1.0' encoding='utf-8' standalone='yes' ?>
<services>
<service uid="10031" authority="calendarEx" accountType="com.android.exchange" />
<service uid="10046" authority="com.twitter.android.provider.TwitterProvider" accountType="com.twitter.android.auth.login" />
<service uid="10012" authority="com.android.contacts" accountType="com.android.exchange" />
<service uid="10004" authority="com.android.contacts" accountType="com.google" />
<service uid="10004" authority="gmail-ls" accountType="com.google" />
<service uid="1000" authority="subscribedfeeds" accountType="com.google" />
<service uid="10046" authority="com.android.contacts" accountType="com.twitter.android.auth.login" />
<service uid="10008" authority="calendar" accountType="com.google" />
<service uid="10037" authority="com.cooliris.picasa.contentprovider" accountType="com.google" />
<service uid="10005" authority="com.android.contacts" accountType="com.facebook.auth.login" />
</services>
