fileMode,UID,GID,offset,size,name,created,modified,parentId,accessed,objectType
0771,1000,1000,262856704,4294967295,,01-01-1970 12:54,04-05-2011 23:17,0,04-05-2011 23:17,directory
0600,10025,10025,27191296,111632,89574c2d,05-05-2011 00:06,05-05-2011 00:06,486,05-05-2011 00:06,file
0600,10025,10025,27271168,104,bfbd95aa,05-05-2011 00:06,05-05-2011 00:06,486,05-05-2011 00:06,file
0600,10025,10025,273944576,4149,c25d0a43,05-05-2011 00:16,05-05-2011 00:16,486,05-05-2011 00:16,file
0600,10025,10025,225034240,8289,63b91a7e,06-05-2011 18:28,06-05-2011 18:28,486,06-05-2011 18:28,file
0600,10025,10025,234106880,20328,df3ba5b9,06-05-2011 18:27,06-05-2011 18:27,486,06-05-2011 18:27,file
0644,10001,10001,216395776,82,contacts2.db-mj0CED9FCA,06-05-2011 18:26,06-05-2011 18:26,663,06-05-2011 18:26,file
0600,10025,10025,3676160,83380,5983252c,05-05-2011 00:08,05-05-2011 00:08,486,05-05-2011 00:08,file
0755,10035,10035,225593344,4294967295,com.google.android.apps.maps,04-05-2011 23:17,04-05-2011 23:17,270,04-05-2011 23:17,directory
0644,10004,10004,11284480,80,talk.db-mj151CB8F7,08-05-2011 18:35,08-05-2011 18:35,640,08-05-2011 18:35,file
0660,1000,1000,30539776,12288,checkin.db,01-01-1970 00:00,11-05-2011 18:08,481,04-05-2011 23:17,file
0600,10034,10034,220880896,4204,AVMC_U9634bb16_GIR_-6140549457338119222_0_0,06-05-2011 18:26,06-05-2011 18:26,884,06-05-2011 18:26,file
0644,10004,10004,253908992,80,talk.db-mj08ECA387,07-05-2011 23:17,07-05-2011 23:17,640,07-05-2011 23:17,file
0600,10025,10025,273911808,0,373954ec,08-05-2011 18:02,08-05-2011 18:02,486,08-05-2011 18:02,file
0600,10025,10025,223377408,963,56d49a1e,06-05-2011 18:28,06-05-2011 18:28,486,06-05-2011 18:28,file
0600,10025,10025,428032,2352,7b6e440a,05-05-2011 00:07,05-05-2011 00:07,486,05-05-2011 00:07,file
0664,1000,1000,17983488,120,subscribedFeeds.xml.bak,07-05-2011 23:20,07-05-2011 23:20,456,07-05-2011 23:20,file
0755,10001,10001,4071424,4294967295,com.android.providers.contacts,04-05-2011 23:18,04-05-2011 23:18,270,04-05-2011 23:17,directory
0700,1000,1000,226760704,4294967295,com.google.android.backup.BackupTransportService,04-05-2011 23:17,04-05-2011 23:17,467,04-05-2011 23:17,directory
0600,10025,10025,32530432,39,b4c6537d,05-05-2011 00:06,05-05-2011 00:06,486,05-05-2011 00:06,file
0600,10025,10025,143360,43,c3853222,06-05-2011 18:27,06-05-2011 18:27,486,06-05-2011 18:27,file
0644,1000,10046,233115648,591408,data@app@com.twitter.android.apk@classes.dex,06-05-2011 18:27,06-05-2011 18:27,274,06-05-2011 18:27,file
0770,1010,1010,269328384,4294967295,sockets,08-05-2011 17:41,08-05-2011 17:41,267,04-05-2011 23:17,directory
0755,10031,10031,3813376,4294967295,com.motorola.calendar,04-05-2011 23:18,04-05-2011 23:18,270,04-05-2011 23:17,directory
0600,10025,10025,47849472,1038,d2825d4e,05-05-2011 00:15,05-05-2011 00:15,486,05-05-2011 00:14,file
0644,10001,10001,22063104,82,contacts2.db-mj5E86E223,11-05-2011 17:38,11-05-2011 17:38,663,11-05-2011 17:38,file
0644,10001,10001,28841984,82,contacts2.db-mj52219D39,11-05-2011 18:08,11-05-2011 18:08,663,11-05-2011 18:08,file
0600,10025,10025,235505664,7968,61eec4c6,06-05-2011 18:28,06-05-2011 18:28,486,06-05-2011 18:28,file
0644,10004,10004,242378752,80,talk.db-mj39F391FE,06-05-2011 19:11,06-05-2011 19:11,640,06-05-2011 19:11,file
0644,10004,10004,8235008,80,talk.db-mj6ECCF261,08-05-2011 18:33,08-05-2011 18:33,640,08-05-2011 18:33,file
0600,10034,10034,217505792,5643,AVMC_U9634bb16_SA_-5701078334815388561,06-05-2011 18:26,06-05-2011 18:26,884,06-05-2011 18:26,file
0644,10034,10034,248436736,2576,assets14.db-journal,07-05-2011 23:15,07-05-2011 23:15,721,07-05-2011 23:15,file
0600,10025,10025,236320768,66,b28ed174,06-05-2011 18:28,06-05-2011 18:28,486,06-05-2011 18:28,file
0755,10027,10027,232015872,4294967295,com.android.wallpaper.livepicker,04-05-2011 23:17,04-05-2011 23:17,270,04-05-2011 23:17,directory
0600,10025,10025,43132928,15815,839c781a,05-05-2011 00:08,05-05-2011 00:08,486,05-05-2011 00:08,file
0600,1000,1000,29859840,424,status.bin.bak,11-05-2011 17:54,11-05-2011 17:54,512,11-05-2011 17:54,file
0644,10001,10001,267767808,82,contacts2.db-mj2A581BD3,08-05-2011 17:32,08-05-2011 17:32,663,08-05-2011 17:32,file
0600,0,0,14819328,1,persist.radio.cdma.msgid,08-05-2011 18:56,08-05-2011 18:56,273,08-05-2011 18:56,file
0600,10034,10034,214564864,2237,AVMC_U9634bb16_SA_-1289873511839721215,06-05-2011 18:26,06-05-2011 18:26,884,06-05-2011 18:26,file
0600,10025,10025,41033728,175,26afbe3e,05-05-2011 00:08,05-05-2011 00:08,486,05-05-2011 00:08,file
0644,10004,10004,28813312,80,talk.db-mj475A5F3C,11-05-2011 18:08,11-05-2011 18:08,640,11-05-2011 18:08,file
0755,1000,1000,60164096,4294967295,com.android.settings,05-05-2011 15:21,05-05-2011 15:21,270,04-05-2011 23:17,directory
0600,10025,10025,223819776,6,8c0d69b4,06-05-2011 18:28,06-05-2011 18:28,486,06-05-2011 18:28,file
0600,10025,10025,673792,4484,10313c2f,06-05-2011 18:28,06-05-2011 18:28,486,06-05-2011 18:28,file
0644,10004,10004,215578624,80,talk.db-mj11ED7F47,06-05-2011 18:26,06-05-2011 18:26,640,06-05-2011 18:26,file
0600,10025,10025,41029632,231,007965d8,05-05-2011 00:08,05-05-2011 00:08,486,05-05-2011 00:08,file
0600,10025,10025,43388928,35,ed01ab94,05-05-2011 00:08,05-05-2011 00:08,486,05-05-2011 00:08,file
0771,1000,1000,29974528,4294967295,sync,11-05-2011 18:10,11-05-2011 18:10,282,05-05-2011 00:17,directory
0660,10038,10038,17815552,65,AlarmClock.xml,11-05-2011 17:38,11-05-2011 17:38,670,11-05-2011 17:38,file
0600,10025,10025,236537856,869,3d434a98,06-05-2011 18:28,06-05-2011 18:28,486,06-05-2011 18:28,file
0755,10004,10004,5507072,4294967295,com.google.android.providers.talk,04-05-2011 23:18,04-05-2011 23:18,270,04-05-2011 23:17,directory
0644,10001,10001,32309248,82,contacts2.db-mj4428DE04,01-01-1970 00:00,01-01-1970 00:00,663,01-01-1970 00:00,file
0600,10025,10025,236292096,3570,7f9e3e0e,06-05-2011 18:28,06-05-2011 18:28,486,06-05-2011 18:28,file
0755,10033,10033,225587200,4294967295,com.google.android.apps.unveil,04-05-2011 23:17,04-05-2011 23:17,270,04-05-2011 23:17,directory
0771,10025,10025,27199488,4294967295,app_geolocation,05-05-2011 00:06,05-05-2011 00:06,376,05-05-2011 00:06,directory
0644,1000,10003,231888896,3984,system@app@kickback.apk@classes.dex,04-05-2011 23:17,26-11-2009 01:59,274,26-11-2009 01:59,file
0600,10025,10025,235606016,44270,6b94a473,06-05-2011 18:28,06-05-2011 18:28,486,06-05-2011 18:28,file
0644,10004,10004,218298368,80,talk.db-mj6945F4AF,06-05-2011 18:26,06-05-2011 18:26,640,06-05-2011 18:26,file
0660,1001,1001,31746048,50176,mmssms.db,01-01-1970 00:00,11-05-2011 17:40,499,04-05-2011 23:18,file
0600,10025,10025,234913792,14971,8faed590,06-05-2011 18:28,06-05-2011 18:28,486,06-05-2011 18:28,file
0600,10025,10025,223385600,1059,f86455c3,06-05-2011 18:28,06-05-2011 18:28,486,06-05-2011 18:28,file
0660,10006,10006,241887232,292,com.android.camera_preferences.xml.bak,06-05-2011 18:43,06-05-2011 18:43,1210,06-05-2011 18:43,file
0600,10025,10025,236265472,35,3a608450,06-05-2011 18:28,06-05-2011 18:28,486,06-05-2011 18:28,file
0660,1000,1000,17301504,65,system_update_helper.xml,11-05-2011 17:38,11-05-2011 17:38,484,11-05-2011 17:38,file
0600,1000,1000,263145472,153,journal22489.tmp,01-01-1970 12:54,01-01-1970 12:54,468,01-01-1970 12:54,file
0600,10025,10025,48373760,7271,41928ad9,05-05-2011 00:16,05-05-2011 00:16,486,05-05-2011 00:16,file
0644,10001,10001,216547328,82,contacts2.db-mj1B2C742F,06-05-2011 18:26,06-05-2011 18:26,663,06-05-2011 18:26,file
0755,1001,1001,1052672,4294967295,com.android.phone,04-05-2011 23:17,04-05-2011 23:17,270,04-05-2011 23:17,directory
0600,1000,1000,246575104,4096,entropy.dat,06-05-2011 18:18,01-01-1970 23:29,282,04-05-2011 23:17,file
0600,10034,10034,217960448,3869,AVMC_U9634bb16_GIR_754596692078638237_0_0,06-05-2011 18:26,06-05-2011 18:26,884,06-05-2011 18:26,file
0755,10017,10017,273870848,4294967295,com.android.calculator2,04-05-2011 23:17,04-05-2011 23:17,270,04-05-2011 23:17,directory
0600,10025,10025,48265216,677,008870e5,05-05-2011 00:16,05-05-2011 00:16,486,05-05-2011 00:16,file
0600,10025,10025,407552,73863,630d7104,05-05-2011 00:07,05-05-2011 00:07,486,05-05-2011 00:07,file
0660,10004,10004,263657472,5120,gls.db,08-05-2011 17:09,06-05-2011 18:25,504,04-05-2011 23:17,file
0644,10001,10001,266678272,82,contacts2.db-mj0C1F601A,08-05-2011 17:09,08-05-2011 17:09,663,08-05-2011 17:09,file
0644,10001,10001,20930560,82,contacts2.db-mj79278AF6,11-05-2011 17:38,11-05-2011 17:38,663,11-05-2011 17:38,file
0660,10034,10034,249059328,692,vending_preferences.xml,07-05-2011 23:15,07-05-2011 23:15,672,07-05-2011 23:15,file
0755,1000,1000,49027072,4294967295,com.android.providers.settings,04-05-2011 23:17,04-05-2011 23:17,270,04-05-2011 23:17,directory
0600,10025,10025,159744,1156,8e0771d1,06-05-2011 18:27,06-05-2011 18:27,486,06-05-2011 18:27,file
0644,10001,10001,247252992,82,contacts2.db-mj30332FB8,07-05-2011 23:15,07-05-2011 23:15,663,07-05-2011 23:15,file
0644,10004,10004,210874368,80,talk.db-mj0BB9B62D,06-05-2011 18:25,06-05-2011 18:25,640,06-05-2011 18:25,file
0600,10025,10025,32522240,37,394c16a2,05-05-2011 00:06,05-05-2011 00:06,486,05-05-2011 00:06,file
0644,10001,10001,210997248,82,contacts2.db-mj23B87CEF,06-05-2011 18:25,06-05-2011 18:25,663,06-05-2011 18:25,file
0755,10004,10004,211136512,4294967295,com.google.android.googleapps,06-05-2011 18:25,06-05-2011 18:25,270,04-05-2011 23:17,directory
0644,10001,10001,216252416,82,contacts2.db-mj6DDF796B,06-05-2011 18:26,06-05-2011 18:26,663,06-05-2011 18:26,file
0600,10034,10034,220729344,5372,AVMC_U9634bb16_GIR_-1289873511839721215_0_0,06-05-2011 18:26,06-05-2011 18:26,884,06-05-2011 18:26,file
0755,10014,10014,238039040,4294967295,com.android.music,04-05-2011 23:17,04-05-2011 23:17,270,04-05-2011 23:17,directory
0755,10004,10004,210192384,4294967295,com.google.android.providers.gmail,06-05-2011 18:25,06-05-2011 18:25,270,04-05-2011 23:17,directory
0660,1001,1001,263383040,4096,telephony.db,01-01-1970 12:54,01-01-1970 12:54,499,04-05-2011 23:17,file
0660,10006,10006,32819200,33792,external-54dc12ed.db,01-01-1970 00:01,11-05-2011 18:10,600,05-05-2011 15:18,file
0644,1001,1001,22732800,3608,mmssms.db-journal,11-05-2011 17:40,11-05-2011 17:40,499,11-05-2011 17:40,file
0600,10025,10025,1478656,26707,7daacc1c,05-05-2011 00:07,05-05-2011 00:07,486,05-05-2011 00:07,file
0600,10025,10025,225169408,421,22ceba1b,06-05-2011 18:27,06-05-2011 18:27,486,06-05-2011 18:27,file
0660,10046,10046,239847424,92160,twitter.db,06-05-2011 18:30,06-05-2011 18:30,513,06-05-2011 18:29,file
0755,10025,10025,26613760,4294967295,com.android.browser,05-05-2011 00:06,05-05-2011 00:06,270,04-05-2011 23:17,directory
0600,10025,10025,32509952,175,4e3bb503,05-05-2011 00:06,05-05-2011 00:06,486,05-05-2011 00:06,file
0644,10001,10001,216926208,82,contacts2.db-mj78328C39,06-05-2011 18:26,06-05-2011 18:26,663,06-05-2011 18:26,file
0600,10025,10025,1447936,4092,ad17d2cb,05-05-2011 00:07,05-05-2011 00:07,486,05-05-2011 00:07,file
0644,10025,10025,236861440,512,https_api.twitter.com_0.localstorage-journal,06-05-2011 18:28,06-05-2011 18:28,465,06-05-2011 18:28,file
0600,10025,10025,39002112,35,5b2e11bc,05-05-2011 00:07,05-05-2011 00:07,486,05-05-2011 00:07,file
0771,1000,1000,233117696,4294967295,app,06-05-2011 18:27,06-05-2011 18:27,1,04-05-2011 23:17,directory
0755,10016,10016,273862656,4294967295,com.google.android.feedback,04-05-2011 23:17,04-05-2011 23:17,270,04-05-2011 23:17,directory
0600,10025,10025,2320384,3175,e04838be,05-05-2011 00:07,05-05-2011 00:07,486,05-05-2011 00:07,file
0644,10004,10004,4605952,80,talk.db-mj708CBE5F,08-05-2011 18:20,08-05-2011 18:20,640,08-05-2011 18:20,file
0755,1000,1000,223881216,4294967295,com.motorola.pgmsystem,04-05-2011 23:17,04-05-2011 23:17,270,04-05-2011 23:17,directory
0644,10004,10004,248539136,80,talk.db-mj74004EDE,07-05-2011 23:15,07-05-2011 23:15,640,07-05-2011 23:15,file
0600,10025,10025,41297920,30365,345db31f,05-05-2011 00:08,05-05-2011 00:08,486,05-05-2011 00:08,file
0600,10025,10025,29968384,84452,90527828,05-05-2011 00:06,05-05-2011 00:06,486,05-05-2011 00:06,file
0755,10001,10001,4079616,4294967295,com.android.providers.userdictionary,04-05-2011 23:18,04-05-2011 23:18,270,04-05-2011 23:17,directory
0600,10025,10025,45625344,37,f34bcb09,05-05-2011 00:10,05-05-2011 00:10,486,05-05-2011 00:10,file
0644,10034,10034,217579520,512,suggestions.db-journal,06-05-2011 18:26,06-05-2011 18:26,721,06-05-2011 18:26,file
0755,10019,10019,273879040,4294967295,com.android.soundrecorder,04-05-2011 23:17,04-05-2011 23:17,270,04-05-2011 23:17,directory
0755,10021,10021,225314816,4294967295,com.google.android.youtube,04-05-2011 23:17,04-05-2011 23:17,270,04-05-2011 23:17,directory
0600,10025,10025,236236800,13186,53736e02,06-05-2011 18:28,06-05-2011 18:28,486,05-05-2011 00:07,file
0644,10001,10001,233668608,82,contacts2.db-mj513D84A3,06-05-2011 18:27,06-05-2011 18:27,663,06-05-2011 18:27,file
0755,10036,10036,225605632,4294967295,com.google.android.apps.genie.geniewidget,04-05-2011 23:17,04-05-2011 23:17,270,04-05-2011 23:17,directory
0777,1001,1001,246542336,4294967295,RIL_RDS_SOCKET,01-01-1970 23:29,01-01-1970 23:29,278,01-01-1970 23:29,special
0644,10025,10025,236867584,4096,https_api.twitter.com_0.localstorage,06-05-2011 18:28,06-05-2011 18:28,465,06-05-2011 18:28,file
0644,10001,10001,216758272,82,contacts2.db-mj14DF1655,06-05-2011 18:26,06-05-2011 18:26,663,06-05-2011 18:26,file
0644,10001,10001,28899328,82,contacts2.db-mj74A4EC4B,11-05-2011 18:08,11-05-2011 18:08,663,11-05-2011 18:08,file
0600,10025,10025,232357888,34011,1db184ad,05-05-2011 00:07,05-05-2011 00:07,486,05-05-2011 00:07,file
0600,10025,10025,221435904,104,76a79e7e,06-05-2011 18:26,06-05-2011 18:26,486,06-05-2011 18:26,file
0644,10006,10006,235137024,0,downloads.db-journal,08-05-2011 18:03,08-05-2011 18:03,487,08-05-2011 18:03,file
0644,10004,10004,33060864,80,talk.db-mj492DBFDE,01-01-1970 00:01,01-01-1970 00:01,640,01-01-1970 00:01,file
0644,1000,1000,233121792,1396606,com.twitter.android.apk,06-05-2011 18:27,06-05-2011 18:27,272,06-05-2011 18:27,file
0644,10004,10004,267986944,80,talk.db-mj0C520A2E,08-05-2011 17:32,08-05-2011 17:32,640,08-05-2011 17:32,file
0770,1000,1000,223612928,4294967295,vpn,04-05-2011 23:17,04-05-2011 23:17,262,04-05-2011 23:17,directory
0644,10004,10004,14485504,80,talk.db-mj4D46B8DE,08-05-2011 18:53,08-05-2011 18:53,640,08-05-2011 18:53,file
0600,10025,10025,239392768,48472,1149085152_pic.save,06-05-2011 18:29,06-05-2011 18:29,644,06-05-2011 18:26,file
0755,10001,10001,231872512,4294967295,com.android.globalsearch,04-05-2011 23:17,04-05-2011 23:17,270,04-05-2011 23:17,directory
0644,10001,10001,1218560,82,contacts2.db-mj2CDF8536,08-05-2011 18:06,08-05-2011 18:06,663,08-05-2011 18:06,file
0755,10008,10008,3078144,4294967295,com.android.calendar,04-05-2011 23:18,04-05-2011 23:18,270,04-05-2011 23:17,directory
0660,10015,10015,1710080,5120,GenreHierarchy.db,04-05-2011 23:17,04-05-2011 23:17,643,04-05-2011 23:17,file
0644,10004,10004,261464064,80,talk.db-mj073C6340,08-05-2011 03:33,08-05-2011 03:33,640,08-05-2011 03:33,file
0600,10025,10025,235558912,2436,5abe20a8,06-05-2011 18:28,06-05-2011 18:28,486,06-05-2011 18:28,file
0600,10025,10025,679936,2371,0f5c0fe1,06-05-2011 18:28,06-05-2011 18:28,486,06-05-2011 18:28,file
0600,10025,10025,273240064,0,372b3d6b,08-05-2011 18:01,08-05-2011 18:01,486,08-05-2011 18:01,file
0755,10006,10006,6297600,4294967295,com.android.providers.media,04-05-2011 23:18,04-05-2011 23:18,270,04-05-2011 23:17,directory
0600,10025,10025,344064,37763,889e79de,06-05-2011 18:28,06-05-2011 18:28,486,06-05-2011 18:28,file
0600,10025,10025,264192,2490,4f517e04,06-05-2011 18:28,06-05-2011 18:28,486,06-05-2011 18:28,file
0660,10015,10015,31715328,316,com.amazon.mp3_preferences.xml.bak,11-05-2011 17:38,11-05-2011 17:38,463,11-05-2011 17:38,file
0644,10025,10025,6850560,3608,http_www.google.com_0.localstorage-journal,08-05-2011 18:27,08-05-2011 18:27,465,08-05-2011 18:27,file
0600,10034,10034,218185728,10294,AVMC_U9634bb16_GIR_-186875941544580389_2_0,06-05-2011 18:26,06-05-2011 18:26,884,06-05-2011 18:26,file
0600,10025,10025,225021952,70807,8e07d321,06-05-2011 18:28,06-05-2011 18:28,486,06-05-2011 18:28,file
0600,10025,10025,229941248,0,7d43be69,06-05-2011 18:27,06-05-2011 18:27,486,06-05-2011 18:27,file
0600,0,0,1050624,0,persist.sys.localevar,04-05-2011 23:17,04-05-2011 23:17,273,04-05-2011 23:17,file
0644,10004,10004,10477568,80,talk.db-mj10F85783,08-05-2011 18:35,08-05-2011 18:35,640,08-05-2011 18:35,file
0700,10034,10034,229402624,4294967295,sslcache,06-05-2011 18:27,06-05-2011 18:27,541,06-05-2011 18:27,directory
0755,10000,10000,231868416,4294967295,com.android.cardock,04-05-2011 23:17,04-05-2011 23:17,270,04-05-2011 23:17,directory
0644,1000,10034,227092480,1825296,data@app@vmdl71806.tmp@classes.dex,06-05-2011 18:27,06-05-2011 18:26,274,06-05-2011 18:26,file
0644,10004,10004,13582336,80,talk.db-mj2F6D2300,08-05-2011 18:44,08-05-2011 18:44,640,08-05-2011 18:44,file
0644,10004,10004,31758336,80,talk.db-mj13A994B1,01-01-1970 00:00,01-01-1970 00:00,640,01-01-1970 00:00,file
0600,10025,10025,234856448,58411,df56f1d1,05-05-2011 00:07,05-05-2011 00:07,486,05-05-2011 00:07,file
0644,10004,10004,17436672,80,talk.db-mj7256268F,11-05-2011 17:38,11-05-2011 17:38,640,11-05-2011 17:38,file
0644,10004,10004,266592256,80,talk.db-mj32A10C9C,08-05-2011 17:09,08-05-2011 17:09,640,08-05-2011 17:09,file
0600,10025,10025,224425984,423,2cffee06,06-05-2011 18:27,06-05-2011 18:27,486,06-05-2011 18:27,file
0600,10025,10025,274012160,7442,c097ab54,05-05-2011 00:16,05-05-2011 00:16,486,05-05-2011 00:16,file
0600,10025,10025,1517568,272,173e46f2,05-05-2011 00:07,05-05-2011 00:07,486,05-05-2011 00:07,file
0644,1002,1002,268666880,26,config,08-05-2011 17:34,08-05-2011 17:34,538,08-05-2011 17:34,file
0755,1000,1000,49547264,4294967295,com.google.android.providers.subscribedfeeds,05-05-2011 00:37,05-05-2011 00:37,270,04-05-2011 23:17,directory
0660,1000,1000,268709888,65,dock_settings.xml,08-05-2011 17:34,08-05-2011 17:34,853,08-05-2011 17:34,file
0600,10025,10025,29638656,245,7ba0c45d,05-05-2011 00:06,05-05-2011 00:06,486,05-05-2011 00:06,file
0600,10025,10025,11759616,2518,608fe0ff,08-05-2011 18:38,08-05-2011 18:38,486,08-05-2011 17:59,file
0644,10004,10004,14260224,80,talk.db-mj4AD2E2A4,08-05-2011 18:52,08-05-2011 18:52,640,08-05-2011 18:52,file
0600,10025,10025,20480,52,023c830a,05-05-2011 00:07,05-05-2011 00:07,486,05-05-2011 00:07,file
0644,1000,10015,273860608,411816,system@app@com.amazon.mp3.apk@classes.dex,04-05-2011 23:17,19-12-2010 23:50,274,19-12-2010 23:50,file
0600,1000,1000,247238656,64,appwidgets.xml,07-05-2011 23:15,07-05-2011 23:15,282,07-05-2011 23:15,file
0771,1000,1000,3655680,4294967295,data,06-05-2011 18:27,06-05-2011 18:27,1,04-05-2011 23:17,directory
0600,1000,1000,212987904,590,accounts.xml,06-05-2011 18:26,06-05-2011 18:26,512,06-05-2011 18:26,file
0600,10025,10025,41046016,37,07cb9362,05-05-2011 00:08,05-05-2011 00:08,486,05-05-2011 00:08,file
0600,10025,10025,47679488,135251,2fc99519,05-05-2011 00:14,05-05-2011 00:14,486,05-05-2011 00:14,file
0644,10004,10004,254660608,80,talk.db-mj14DB741D,07-05-2011 23:27,07-05-2011 23:27,640,07-05-2011 23:27,file
0644,10025,10025,27197440,3072,CachedPosition.db,05-05-2011 00:06,05-05-2011 00:06,722,05-05-2011 00:06,file
0755,10013,10013,4202496,4294967295,com.google.android.voicesearch,04-05-2011 23:18,04-05-2011 23:18,270,04-05-2011 23:17,directory
0600,10025,10025,411648,1078,01e60c3c,05-05-2011 00:07,05-05-2011 00:07,486,05-05-2011 00:07,file
0600,1000,1000,233306112,229,android.accounts.AccountAuthenticator.xml.bak,04-05-2011 23:17,04-05-2011 23:17,451,04-05-2011 23:17,file
0644,10001,10001,253872128,82,contacts2.db-mj0D54FF2E,07-05-2011 23:16,07-05-2011 23:16,663,07-05-2011 23:16,file
0644,10001,10001,210466816,82,contacts2.db-mj4A223C6F,06-05-2011 18:25,06-05-2011 18:25,663,06-05-2011 18:25,file
0644,10004,10004,14188544,80,talk.db-mj7BB535BC,08-05-2011 18:52,08-05-2011 18:52,640,08-05-2011 18:52,file
0600,10025,10025,225001472,3908,c305250c,06-05-2011 18:28,06-05-2011 18:28,486,06-05-2011 18:28,file
0600,10025,10025,735232,4222,2914c3c9,06-05-2011 18:28,06-05-2011 18:28,486,06-05-2011 18:28,file
0755,10042,10042,232144896,4294967295,com.google.android.street,04-05-2011 23:17,04-05-2011 23:17,270,04-05-2011 23:17,directory
0600,10025,10025,2183168,37003,0d7d3550,05-05-2011 00:14,05-05-2011 00:14,486,05-05-2011 00:14,file
0644,10004,10004,14444544,80,talk.db-mj393C695B,08-05-2011 18:53,08-05-2011 18:53,640,08-05-2011 18:53,file
0600,10025,10025,2189312,2209,78f76a7f,05-05-2011 00:14,05-05-2011 00:14,486,05-05-2011 00:14,file
0600,10025,10025,232361984,1397,2ebaf9ff,05-05-2011 00:07,05-05-2011 00:07,486,05-05-2011 00:07,file
0644,10004,10004,268466176,80,talk.db-mj213E3D93,08-05-2011 17:34,08-05-2011 17:34,640,08-05-2011 17:34,file
0600,10025,10025,236216320,8479,8a40b220,06-05-2011 18:28,06-05-2011 18:28,486,06-05-2011 18:28,file
0600,10025,10025,235552768,51893,a46bc661,06-05-2011 18:28,06-05-2011 18:28,486,06-05-2011 18:28,file
0600,10025,10025,236050432,4484,5075523d,06-05-2011 18:28,06-05-2011 18:28,486,06-05-2011 18:28,file
0644,10001,10001,28909568,512,contacts2.db-journal,11-05-2011 18:08,11-05-2011 18:08,663,11-05-2011 18:08,file
0600,10025,10025,46551040,29362,67aa1047,05-05-2011 00:10,05-05-2011 00:11,486,05-05-2011 00:10,file
0771,10041,10041,9508864,4294967295,webviewCache,08-05-2011 18:34,08-05-2011 18:34,1195,08-05-2011 18:34,directory
0600,10025,10025,235124736,6,d20b5047,06-05-2011 18:28,06-05-2011 18:28,486,06-05-2011 18:28,file
0600,1000,1000,197007360,2152,usage-20110505,06-05-2011 00:17,06-05-2011 00:17,285,06-05-2011 00:17,file
0600,1000,1000,25827328,2108,usage-20110504,05-05-2011 00:03,05-05-2011 00:03,285,05-05-2011 00:03,file
0600,1000,1000,233361408,744,android.content.SyncAdapter.xml.bak,04-05-2011 23:17,04-05-2011 23:17,451,04-05-2011 23:17,file
0600,1000,1000,246075392,5008,usage-20110506,06-05-2011 23:23,06-05-2011 23:23,285,06-05-2011 23:23,file
0600,10025,10025,38998016,95414,37c26ea9,05-05-2011 00:07,05-05-2011 00:07,486,05-05-2011 00:07,file
0660,10006,10006,241897472,354,com.android.camera_preferences.xml,06-05-2011 18:43,06-05-2011 18:43,1210,06-05-2011 18:43,file
0600,10025,10025,196608,1442,72111785,06-05-2011 18:27,06-05-2011 18:27,486,06-05-2011 18:27,file
0755,10007,10007,225447936,4294967295,com.android.packageinstaller,04-05-2011 23:17,04-05-2011 23:17,270,04-05-2011 23:17,directory
0600,1000,1000,15570944,3344,usage-20110508,08-05-2011 19:23,08-05-2011 19:23,285,08-05-2011 19:23,file
0600,10034,10034,217513984,1768,AVMC_U9634bb16_SA_754596692078638237,06-05-2011 18:26,06-05-2011 18:26,884,06-05-2011 18:26,file
0660,10001,10001,16953344,4096,user_dict.db,11-05-2011 17:38,04-05-2011 23:18,624,04-05-2011 23:18,file
0600,10025,10025,235116544,0,4eb906b1,06-05-2011 18:28,06-05-2011 18:28,486,06-05-2011 18:28,file
0644,10001,10001,241534976,82,contacts2.db-mj23867E00,06-05-2011 18:42,06-05-2011 18:42,663,06-05-2011 18:42,file
0600,1000,1000,230451200,0,vmdl71807.tmp,06-05-2011 18:27,06-05-2011 18:27,272,06-05-2011 18:27,file
0600,10025,10025,16384,48506,4a6fbdb1,05-05-2011 00:07,05-05-2011 00:07,486,05-05-2011 00:07,file
0755,10006,10006,4732928,4294967295,com.android.providers.downloads,04-05-2011 23:18,04-05-2011 23:18,270,04-05-2011 23:17,directory
0644,10004,10004,268621824,80,talk.db-mj3368AD5C,08-05-2011 17:34,08-05-2011 17:34,640,08-05-2011 17:34,file
0700,1000,1000,263147520,4294967295,pending,01-01-1970 12:54,01-01-1970 12:54,467,04-05-2011 23:17,directory
0755,10046,10046,238608384,4294967295,com.twitter.android,06-05-2011 18:29,06-05-2011 18:29,270,06-05-2011 18:27,directory
0600,10025,10025,235970560,12876,4eb906b2,06-05-2011 18:28,06-05-2011 18:28,486,06-05-2011 18:28,file
0660,10020,10020,51777536,387,com.android.mms_preferences.xml,05-05-2011 00:37,05-05-2011 00:37,690,05-05-2011 00:37,file
0600,10025,10025,48644096,0,3bc2e9eb,08-05-2011 17:59,08-05-2011 17:59,486,08-05-2011 17:59,file
0600,10025,10025,225443840,0,3bfb47ef,08-05-2011 18:01,08-05-2011 18:01,486,08-05-2011 18:01,file
0600,10025,10025,178176,52785,2da94959,06-05-2011 18:27,06-05-2011 18:27,486,06-05-2011 18:27,file
0600,10034,10034,217974784,4043,AVMC_U9634bb16_GIR_-2561547227915742812_0_0,06-05-2011 18:26,06-05-2011 18:26,884,06-05-2011 18:26,file
0644,10001,10001,16740352,82,contacts2.db-mj617D2C8F,11-05-2011 17:38,11-05-2011 17:38,663,11-05-2011 17:38,file
0660,1000,1000,30318592,51200,settings.db,01-01-1970 00:00,11-05-2011 17:53,458,04-05-2011 23:17,file
0644,10001,10001,215896064,82,contacts2.db-mj71DA1C3B,06-05-2011 18:26,06-05-2011 18:26,663,06-05-2011 18:26,file
0644,10004,10004,17405952,80,talk.db-mj4015D3BF,11-05-2011 17:38,11-05-2011 17:38,640,11-05-2011 17:38,file
0600,10025,10025,236556288,0,ab1804da,06-05-2011 18:28,06-05-2011 18:28,486,06-05-2011 18:28,file
0644,10004,10004,264818688,80,talk.db-mj736A2F12,08-05-2011 17:09,08-05-2011 17:09,640,08-05-2011 17:09,file
0600,10024,10024,208756736,507,e7405842,06-05-2011 18:25,06-05-2011 18:25,612,06-05-2011 18:25,file
0644,10004,10004,21907456,80,talk.db-mj07D84744,11-05-2011 17:38,11-05-2011 17:38,640,11-05-2011 17:38,file
0600,10025,10025,230152192,1150,9bedd6fe,06-05-2011 18:27,06-05-2011 18:27,486,06-05-2011 18:27,file
0664,1000,1000,18354176,71055,packages.xml,11-05-2011 17:38,11-05-2011 17:38,282,11-05-2011 17:38,file
0644,10008,10008,22323200,512,calendar.db-journal,11-05-2011 17:39,11-05-2011 17:39,496,11-05-2011 17:39,file
0644,10004,10004,244795392,80,talk.db-mj0867ABD4,06-05-2011 22:01,06-05-2011 22:01,640,06-05-2011 22:01,file
0644,10001,10001,233713664,82,contacts2.db-mj4302E01C,06-05-2011 18:27,06-05-2011 18:27,663,06-05-2011 18:27,file
0600,10025,10025,41054208,39,1ba02dfa,05-05-2011 00:08,05-05-2011 00:08,486,05-05-2011 00:08,file
0600,10034,10034,217899008,2632,AVMC_U9634bb16_GIR_1504742203874818473_0_0,06-05-2011 18:26,06-05-2011 18:26,884,06-05-2011 18:26,file
0600,10025,10025,232304640,603,e3437404,05-05-2011 00:07,05-05-2011 00:07,486,05-05-2011 00:07,file
0600,10034,10034,217950208,2803,AVMC_U9634bb16_GIR_-5701078334815388561_0_0,06-05-2011 18:26,06-05-2011 18:26,884,06-05-2011 18:26,file
0600,10039,10039,235528192,4,qpdf.pid,08-05-2011 18:03,08-05-2011 18:03,732,08-05-2011 18:03,file
0660,10004,10004,31666176,27648,talk.db,01-01-1970 00:00,11-05-2011 18:06,640,04-05-2011 23:18,file
0600,10025,10025,280576,187,eeba3d7a,06-05-2011 18:28,06-05-2011 18:28,486,06-05-2011 18:28,file
0600,10025,10025,192512,10851,423b4c14,06-05-2011 18:27,06-05-2011 18:27,486,06-05-2011 18:27,file
0600,10025,10025,235157504,11780,66d3c787,05-05-2011 00:14,05-05-2011 00:14,486,05-05-2011 00:14,file
0644,10004,10004,4894720,80,talk.db-mj5C5D192A,08-05-2011 18:20,08-05-2011 18:20,640,08-05-2011 18:20,file
0600,10025,10025,11794432,148,a9409aa5,08-05-2011 18:38,08-05-2011 18:38,486,08-05-2011 17:59,file
0755,10022,10022,6162432,4294967295,com.google.android.apps.uploader,04-05-2011 23:18,04-05-2011 23:18,270,04-05-2011 23:17,directory
0600,0,0,925696,2,persist.sys.country,04-05-2011 23:17,04-05-2011 23:17,273,04-05-2011 23:17,file
0644,10001,10001,254033920,82,contacts2.db-mj2A617CF3,07-05-2011 23:17,07-05-2011 23:17,663,07-05-2011 23:17,file
0600,10025,10025,235114496,142417,f3e90254,06-05-2011 18:28,06-05-2011 18:28,486,06-05-2011 18:28,file
0771,1000,1000,223621120,4294967295,app-private,04-05-2011 23:17,04-05-2011 23:17,1,04-05-2011 23:17,directory
0600,10025,10025,29626368,214,dfb4b012,05-05-2011 00:06,05-05-2011 00:06,486,05-05-2011 00:06,file
0600,10025,10025,223369216,7093,78385ded,06-05-2011 18:28,06-05-2011 18:28,486,06-05-2011 18:28,file
0600,10025,10025,223373312,291,e2afc4b4,06-05-2011 18:28,06-05-2011 18:28,486,06-05-2011 18:28,file
0644,10001,10001,252807168,82,contacts2.db-mj5E014006,07-05-2011 23:16,07-05-2011 23:16,663,07-05-2011 23:16,file
0644,10025,10025,6858752,357376,http_www.google.com_0.localstorage,08-05-2011 18:03,08-05-2011 18:27,465,05-05-2011 00:06,file
0644,10001,10001,252985344,82,contacts2.db-mj0F62DFC6,07-05-2011 23:16,07-05-2011 23:16,663,07-05-2011 23:16,file
0600,10034,10034,217542656,2648,AVMC_U9634bb16_SA_-655981519866441395,06-05-2011 18:26,06-05-2011 18:26,884,06-05-2011 18:26,file
0777,1000,1000,268263424,4294967295,wpa_ctrl_1013-0,08-05-2011 17:34,08-05-2011 17:34,275,08-05-2011 17:34,special
0777,1000,1000,268267520,4294967295,wpa_ctrl_1013-1,08-05-2011 17:34,08-05-2011 17:34,275,08-05-2011 17:34,special
0770,1014,1014,262873088,4294967295,dhcp,01-01-1970 12:54,04-05-2011 23:17,262,04-05-2011 23:17,directory
0660,10037,10037,18264064,10240,picasa.db,11-05-2011 17:38,04-05-2011 23:18,471,04-05-2011 23:18,file
0600,10025,10025,223840256,6,f2a8733d,06-05-2011 18:28,06-05-2011 18:28,486,06-05-2011 18:28,file
0600,10025,10025,83968,47904,c12215e4,05-05-2011 00:07,05-05-2011 00:07,486,05-05-2011 00:07,file
0600,10025,10025,2527232,6511,36c45a9a,06-05-2011 18:28,06-05-2011 18:28,486,06-05-2011 18:28,file
0644,10004,10004,266706944,80,talk.db-mj5C58D67E,08-05-2011 17:09,08-05-2011 17:09,640,08-05-2011 17:09,file
0644,10001,10001,266620928,82,contacts2.db-mj7407CEDF,08-05-2011 17:09,08-05-2011 17:09,663,08-05-2011 17:09,file
0660,10032,10032,17801216,5120,btopp.db,11-05-2011 17:38,04-05-2011 23:18,620,04-05-2011 23:18,file
0660,10005,10005,209782784,19456,fb.db,06-05-2011 18:25,04-05-2011 23:18,603,04-05-2011 23:18,file
0600,10025,10025,273987584,2186,90c6eb97,05-05-2011 00:16,05-05-2011 00:16,486,05-05-2011 00:16,file
0644,10001,10001,267919360,82,contacts2.db-mj562B2593,08-05-2011 17:32,08-05-2011 17:32,663,08-05-2011 17:32,file
0600,1000,1000,219172864,0,vmdl71806.tmp,06-05-2011 18:26,06-05-2011 18:26,272,06-05-2011 18:26,file
0600,10025,10025,232493056,7191,da7b231e,06-05-2011 18:27,06-05-2011 18:27,486,06-05-2011 18:27,file
0644,10004,10004,229421056,80,talk.db-mj542CAF4E,06-05-2011 18:27,06-05-2011 18:27,640,06-05-2011 18:27,file
0600,10025,10025,454656,3447,c356eed6,05-05-2011 00:07,05-05-2011 00:07,486,05-05-2011 00:07,file
0600,10025,10025,29646848,338,879bd313,05-05-2011 00:06,05-05-2011 00:06,486,05-05-2011 00:06,file
0644,10001,10001,14415872,82,contacts2.db-mj3BA01EC7,08-05-2011 18:53,08-05-2011 18:53,663,08-05-2011 18:53,file
0660,10031,10031,3805184,273,com.motorola.calendar_preferences.xml,04-05-2011 23:18,04-05-2011 23:18,510,04-05-2011 23:18,file
0600,10034,10034,214417408,4815,AVMC_U9634bb16_GCR_P_,06-05-2011 18:26,06-05-2011 18:26,884,06-05-2011 18:26,file
0600,10025,10025,47845376,1009,eafec567,05-05-2011 00:15,05-05-2011 00:15,486,05-05-2011 00:14,file
0660,10025,10025,11743232,24576,webview.db,08-05-2011 18:03,08-05-2011 18:38,543,05-05-2011 00:06,file
0644,10004,10004,20672512,3608,mailstore.norby441@gmail.com.db-journal,11-05-2011 17:38,11-05-2011 17:38,566,11-05-2011 17:38,file
0660,10012,10012,17315840,6144,EmailProviderBody.db,11-05-2011 17:38,04-05-2011 23:18,507,04-05-2011 23:18,file
0644,10004,10004,254064640,80,talk.db-mj177586F3,07-05-2011 23:17,07-05-2011 23:17,640,07-05-2011 23:17,file
0600,10025,10025,43057152,74,bbfc7992,05-05-2011 00:08,05-05-2011 00:08,486,05-05-2011 00:08,file
0600,10025,10025,236787712,72174,abc6798d,06-05-2011 18:28,06-05-2011 18:28,486,06-05-2011 18:28,file
0644,10034,10034,207861760,2576,billing.db-journal,06-05-2011 18:24,06-05-2011 18:24,721,06-05-2011 18:24,file
0600,1000,1000,229040128,0,processed.new,06-05-2011 18:27,06-05-2011 18:27,467,06-05-2011 18:27,file
0660,10001,10001,4077568,116,com.android.providers.contacts_preferences.xml,04-05-2011 23:18,04-05-2011 23:18,594,04-05-2011 23:18,file
0600,10025,10025,32526336,38,9f21e1db,05-05-2011 00:06,05-05-2011 00:06,486,05-05-2011 00:06,file
0600,10025,10025,38830080,29549,ac8d9fcd,05-05-2011 00:07,05-05-2011 00:07,486,05-05-2011 00:07,file
0644,10001,10001,253937664,82,contacts2.db-mj19BB9A63,07-05-2011 23:17,07-05-2011 23:17,663,07-05-2011 23:17,file
0600,10025,10025,224942080,59957,195b9100,06-05-2011 18:28,06-05-2011 18:28,486,06-05-2011 18:28,file
0660,1000,1000,23920640,249,com.android.settings_preferences.xml,11-05-2011 17:53,11-05-2011 17:53,853,11-05-2011 17:53,file
0644,10004,10004,253630464,80,talk.db-mj40E98525,07-05-2011 23:16,07-05-2011 23:16,640,07-05-2011 23:16,file
0600,10025,10025,229076992,43,25e3ed24,06-05-2011 18:27,06-05-2011 18:27,486,06-05-2011 18:27,file
0644,10004,10004,248715264,80,talk.db-mj45F98048,07-05-2011 23:15,07-05-2011 23:15,640,07-05-2011 23:15,file
1771,1000,9998,223623168,4294967295,misc,04-05-2011 23:17,04-05-2011 23:17,1,04-05-2011 23:17,directory
0644,1000,1000,22853632,3608,accounts.db-journal,11-05-2011 17:40,11-05-2011 17:40,282,11-05-2011 17:40,file
0600,10025,10025,284672,1126,c07ec735,06-05-2011 18:28,06-05-2011 18:28,486,06-05-2011 18:28,file
0600,10025,10025,233967616,1006,17b8b5de,06-05-2011 18:28,06-05-2011 18:28,486,06-05-2011 18:28,file
0664,1000,1000,17993728,120,subscribedFeeds.xml,11-05-2011 17:38,11-05-2011 17:38,456,11-05-2011 17:38,file
0755,10005,10005,9963520,4294967295,com.facebook.katana,04-05-2011 23:18,04-05-2011 23:18,270,04-05-2011 23:17,directory
0600,10025,10025,235669504,207,0e83e000,06-05-2011 18:28,06-05-2011 18:28,486,06-05-2011 18:28,file
0600,10025,10025,236019712,3097,b37a3723,06-05-2011 18:28,06-05-2011 18:28,486,06-05-2011 18:28,file
0600,10025,10025,48257024,1709,9c0316e5,05-05-2011 00:16,05-05-2011 00:16,486,05-05-2011 00:16,file
0600,10034,10034,211462144,15704,2791a295,06-05-2011 18:26,06-05-2011 18:26,638,06-05-2011 18:26,file
0755,10001,10001,10885120,4294967295,com.android.contacts,04-05-2011 23:26,04-05-2011 23:26,270,04-05-2011 23:17,directory
0660,10034,10034,207872000,7168,billing.db,06-05-2011 18:24,06-05-2011 18:24,721,06-05-2011 18:24,file
0600,10025,10025,273997824,6652,b5af8db3,05-05-2011 00:16,05-05-2011 00:16,486,05-05-2011 00:16,file
0600,10025,10025,232366080,1387,93305574,05-05-2011 00:07,05-05-2011 00:07,486,05-05-2011 00:07,file
0660,1000,1000,23910400,206,com.android.settings_preferences.xml.bak,05-05-2011 15:21,05-05-2011 15:21,853,05-05-2011 15:21,file
0775,1000,1000,30042112,4294967295,system,11-05-2011 18:10,11-05-2011 18:10,1,04-05-2011 23:17,directory
0600,10025,10025,41062400,41,59d2cebd,05-05-2011 00:08,05-05-2011 00:08,486,05-05-2011 00:08,file
0600,1000,1000,20998144,3352,android.clients.google.com.443,11-05-2011 17:38,11-05-2011 17:38,546,06-05-2011 18:26,file
0644,10004,10004,253995008,80,talk.db-mj756602B4,07-05-2011 23:17,07-05-2011 23:17,640,07-05-2011 23:17,file
0600,10025,10025,223690752,0,3bed306e,08-05-2011 18:00,08-05-2011 18:00,486,08-05-2011 18:00,file
0644,1000,1000,23951360,5672,settings.db-journal,11-05-2011 17:53,11-05-2011 17:53,458,11-05-2011 17:53,file
0644,10004,10004,210769920,80,talk.db-mj468BBA71,06-05-2011 18:25,06-05-2011 18:25,640,06-05-2011 18:25,file
0644,10004,10004,14387200,80,talk.db-mj28488C96,08-05-2011 18:53,08-05-2011 18:53,640,08-05-2011 18:53,file
0755,10037,10037,6436864,4294967295,com.cooliris.media,04-05-2011 23:18,04-05-2011 23:18,270,04-05-2011 23:17,directory
0600,10025,10025,2310144,4039,22c80abe,05-05-2011 00:07,05-05-2011 00:07,486,05-05-2011 00:07,file
0755,10041,10041,9500672,4294967295,com.google.android.gm,08-05-2011 18:34,08-05-2011 18:34,270,04-05-2011 23:17,directory
0644,10004,10004,268523520,80,talk.db-mj59E4C689,08-05-2011 17:34,08-05-2011 17:34,640,08-05-2011 17:34,file
0644,10001,10001,263553024,82,contacts2.db-mj01DB5125,01-01-1970 12:54,01-01-1970 12:54,663,01-01-1970 12:54,file
0600,10025,10025,29655040,327,2a8f0b29,05-05-2011 00:06,05-05-2011 00:06,486,05-05-2011 00:06,file
0600,10025,10025,43061248,43,96f851a0,05-05-2011 00:08,05-05-2011 00:08,486,05-05-2011 00:08,file
0644,10001,10001,1292288,82,contacts2.db-mj0C5D5AD0,08-05-2011 18:06,08-05-2011 18:06,663,08-05-2011 18:06,file
0600,10025,10025,276480,284,0632a5bf,06-05-2011 18:28,06-05-2011 18:28,486,06-05-2011 18:28,file
0600,10025,10025,273973248,7742,e7ad8702,05-05-2011 00:16,05-05-2011 00:16,486,05-05-2011 00:16,file
0644,10025,10025,11872256,19456,WebpageIcons.db,08-05-2011 17:58,08-05-2011 18:38,655,05-05-2011 00:06,file
0644,10004,10004,17465344,80,talk.db-mj77F61006,11-05-2011 17:38,11-05-2011 17:38,640,11-05-2011 17:38,file
0600,10025,10025,224200704,0,3c095f70,08-05-2011 18:01,08-05-2011 18:01,486,08-05-2011 18:01,file
0644,10001,10001,241727488,82,contacts2.db-mj06452059,06-05-2011 18:42,06-05-2011 18:42,663,06-05-2011 18:42,file
0644,1000,10003,232140800,4960,system@app@soundback.apk@classes.dex,04-05-2011 23:17,26-11-2009 01:59,274,26-11-2009 01:59,file
0600,10025,10025,225239040,9999,376aeff6,05-05-2011 00:08,05-05-2011 00:08,486,05-05-2011 00:08,file
0644,10001,10001,233539584,82,contacts2.db-mj72695B90,06-05-2011 18:27,06-05-2011 18:27,663,06-05-2011 18:27,file
0644,10001,10001,33089536,82,contacts2.db-mj7D446470,01-01-1970 00:01,01-01-1970 00:01,663,01-01-1970 00:01,file
0600,1000,1000,30134272,27468,batterystats.bin.bak,11-05-2011 18:10,11-05-2011 18:10,282,11-05-2011 18:10,file
0600,10025,10025,47470592,5058,856a3d1f,05-05-2011 00:14,05-05-2011 00:14,486,05-05-2011 00:14,file
0644,10004,10004,17539072,80,talk.db-mj35741A3E,11-05-2011 17:38,11-05-2011 17:38,640,11-05-2011 17:38,file
0755,1000,1000,232003584,4294967295,com.android.server.vpn,04-05-2011 23:17,04-05-2011 23:17,270,04-05-2011 23:17,directory
0600,10025,10025,1568768,0,3771b2f0,08-05-2011 18:02,08-05-2011 18:02,486,08-05-2011 18:02,file
0600,1000,1000,18720768,13,account.dump,11-05-2011 17:38,11-05-2011 17:38,282,11-05-2011 17:38,file
0600,10034,10034,214575104,2931,AVMC_U9634bb16_SA_7320095393897136769,06-05-2011 18:26,06-05-2011 18:26,884,06-05-2011 18:26,file
0600,10025,10025,236554240,4465,9943556f,06-05-2011 18:28,06-05-2011 18:28,486,06-05-2011 18:28,file
0600,10025,10025,235053056,2786,090b6b54,06-05-2011 18:28,06-05-2011 18:28,486,06-05-2011 18:28,file
0600,10025,10025,290816,3292,4c3ec12d,06-05-2011 18:28,06-05-2011 18:28,486,06-05-2011 18:28,file
0600,10025,10025,236199936,6,ffcf281f,06-05-2011 18:28,06-05-2011 18:28,486,06-05-2011 18:28,file
0644,1000,1000,228753408,2209725,com.android.vending.apk,06-05-2011 18:27,06-05-2011 18:26,272,06-05-2011 18:26,file
0600,10025,10025,29630464,199,619a0d02,05-05-2011 00:06,05-05-2011 00:06,486,05-05-2011 00:06,file
0600,10025,10025,2314240,362,96fa0bdf,05-05-2011 00:07,05-05-2011 00:07,486,05-05-2011 00:07,file
0600,1000,1000,29972480,132,stats.bin,11-05-2011 18:10,11-05-2011 18:10,512,11-05-2011 18:10,file
0755,10001,10001,10229760,4294967295,com.android.launcher,04-05-2011 23:19,04-05-2011 23:19,270,04-05-2011 23:17,directory
0600,10034,10034,218175488,8903,AVMC_U9634bb16_GIR_-186875941544580389_2_1,06-05-2011 18:26,06-05-2011 18:26,884,06-05-2011 18:26,file
0700,1000,1000,49037312,4294967295,com.android.internal.backup.LocalTransport,04-05-2011 23:17,04-05-2011 23:17,467,04-05-2011 23:17,directory
0600,10034,10034,214583296,1521,AVMC_U9634bb16_SA_-6140549457338119222,06-05-2011 18:26,06-05-2011 18:26,884,06-05-2011 18:26,file
0600,10025,10025,32669696,29576,ab2d13e1,05-05-2011 00:06,05-05-2011 00:06,486,05-05-2011 00:06,file
0660,10038,10038,17248256,4096,alarms.db,11-05-2011 17:38,04-05-2011 23:17,476,04-05-2011 23:17,file
0644,1000,10010,273745920,4232,system@app@VVMStub.apk@classes.dex,04-05-2011 23:17,26-11-2009 01:59,274,26-11-2009 01:59,file
0600,10025,10025,39016448,498,963dcd66,05-05-2011 00:07,05-05-2011 00:07,486,05-05-2011 00:07,file
0755,1000,1000,3657728,4294967295,lib,06-05-2011 18:27,06-05-2011 18:27,532,06-05-2011 18:27,directory
0755,10004,10004,226762752,4294967295,com.google.android.providers.settings,04-05-2011 23:17,04-05-2011 23:17,270,04-05-2011 23:17,directory
0600,10025,10025,303104,1161,356cd5af,06-05-2011 18:28,06-05-2011 18:28,486,06-05-2011 18:28,file
0600,10025,10025,234979328,0,b1f5f3ae,06-05-2011 18:28,06-05-2011 18:28,486,06-05-2011 18:28,file
0755,10029,10029,6293504,4294967295,com.android.voicedialer,04-05-2011 23:18,04-05-2011 23:18,270,04-05-2011 23:17,directory
0600,10025,10025,35014656,14742,ac55a154,05-05-2011 00:07,05-05-2011 00:07,486,05-05-2011 00:07,file
0755,10009,10009,225456128,4294967295,com.google.android.talk,04-05-2011 23:17,04-05-2011 23:17,270,04-05-2011 23:17,directory
0755,1001,1001,223877120,4294967295,com.motorola.programmenu,04-05-2011 23:17,04-05-2011 23:17,270,04-05-2011 23:17,directory
0600,10025,10025,29642752,240,fe58ada8,05-05-2011 00:06,05-05-2011 00:06,486,05-05-2011 00:06,file
0600,10025,10025,48252928,648,95187340,05-05-2011 00:16,05-05-2011 00:16,486,05-05-2011 00:16,file
0644,10025,10025,234960896,4096,http_twitpic.com_0.localstorage,06-05-2011 18:28,06-05-2011 18:28,465,06-05-2011 18:28,file
0600,10025,10025,48248832,152,459a548e,05-05-2011 00:16,05-05-2011 00:16,486,05-05-2011 00:16,file
0771,1000,1000,262866944,4294967295,dalvik-cache,01-01-1970 12:54,06-05-2011 18:27,1,04-05-2011 23:17,directory
0600,10025,10025,32538624,41,290da2af,05-05-2011 00:06,05-05-2011 00:06,486,05-05-2011 00:06,file
0755,10023,10023,274405376,4294967295,com.android.magicsmoke,04-05-2011 23:17,04-05-2011 23:17,270,04-05-2011 23:17,directory
0644,10004,10004,244015104,80,talk.db-mj6D7F12B3,06-05-2011 21:27,06-05-2011 21:27,640,06-05-2011 21:27,file
0660,10022,10022,17750016,4096,uploads.db,11-05-2011 17:38,04-05-2011 23:18,503,04-05-2011 23:18,file
0660,10013,10013,10848256,2000,DATA_Preferences,04-05-2011 23:25,04-05-2011 23:25,683,04-05-2011 23:18,file
0644,10015,10015,18618368,512,DownloadLibrary.db-journal,11-05-2011 17:38,11-05-2011 17:38,643,11-05-2011 17:38,file
0600,10025,10025,32534528,40,b01476af,05-05-2011 00:06,05-05-2011 00:06,486,05-05-2011 00:06,file
0660,10004,10004,30824448,53248,mailstore.norby441@gmail.com.db,01-01-1970 00:00,11-05-2011 17:38,566,06-05-2011 18:25,file
0600,10025,10025,39075840,1792,60a98809,05-05-2011 00:07,05-05-2011 00:07,486,05-05-2011 00:07,file
0600,10025,10025,2142208,50110,a2ef548c,05-05-2011 00:14,05-05-2011 00:14,486,05-05-2011 00:14,file
0666,1013,1000,241883136,14389,cameraCalFile.bin,06-05-2011 18:43,06-05-2011 18:43,282,06-05-2011 18:43,file
0660,10008,10008,31543296,35840,calendar.db,01-01-1970 00:00,11-05-2011 17:38,496,04-05-2011 23:18,file
0644,10004,10004,257087488,80,talk.db-mj2AF0289D,08-05-2011 01:41,08-05-2011 01:41,640,08-05-2011 01:41,file
0600,1000,1000,246925312,590,accounts.xml.bak,06-05-2011 18:26,06-05-2011 18:26,512,06-05-2011 18:26,file
0600,10025,10025,43044864,251783,aad9997c,05-05-2011 00:08,05-05-2011 00:08,486,05-05-2011 00:08,file
0771,1000,1000,29128704,4294967295,databases,11-05-2011 18:08,11-05-2011 18:08,382,04-05-2011 23:17,directory
0755,10006,10006,241848320,4294967295,com.android.camera,06-05-2011 18:43,06-05-2011 18:43,270,04-05-2011 23:17,directory
0600,10025,10025,273963008,795,2d19d7d6,05-05-2011 00:16,05-05-2011 00:16,486,05-05-2011 00:16,file
0644,10004,10004,218253312,80,talk.db-mj4665403C,06-05-2011 18:26,06-05-2011 18:26,640,06-05-2011 18:26,file
0600,10034,10034,217464832,5918,AVMC_U9634bb16_SA_1504742203874818473,06-05-2011 18:26,06-05-2011 18:26,884,06-05-2011 18:26,file
0600,10025,10025,29634560,222,94b0759c,05-05-2011 00:06,05-05-2011 00:06,486,05-05-2011 00:06,file
0600,10025,10025,47857664,522,02dbd738,05-05-2011 00:15,05-05-2011 00:15,486,05-05-2011 00:14,file
0600,10025,10025,234876928,315,1c8a9ef8,08-05-2011 18:03,08-05-2011 18:03,486,08-05-2011 18:03,file
0600,10034,10034,215996416,3588,AVMC_U9634bb16_GIR_6494532600840215700_0_0,06-05-2011 18:26,06-05-2011 18:26,884,06-05-2011 18:26,file
0600,10025,10025,223823872,62,bc4e56c6,06-05-2011 18:28,06-05-2011 18:28,486,06-05-2011 18:28,file
0644,10004,10004,268580864,80,talk.db-mj5F07E367,08-05-2011 17:34,08-05-2011 17:34,640,08-05-2011 17:34,file
0644,1000,1000,22147072,512,subscribedfeeds.db-journal,11-05-2011 17:38,11-05-2011 17:38,474,11-05-2011 17:38,file
0644,10001,10001,268115968,82,contacts2.db-mj5EF8EAC8,08-05-2011 17:32,08-05-2011 17:32,663,08-05-2011 17:32,file
0600,1000,1000,60168192,20,gesture.key,05-05-2011 15:21,05-05-2011 15:21,282,05-05-2011 15:21,file
0771,10041,10041,9506816,4294967295,cache,08-05-2011 18:34,08-05-2011 18:34,438,08-05-2011 18:34,directory
0600,10025,10025,45617152,35,9fea3ee9,05-05-2011 00:10,05-05-2011 00:10,486,05-05-2011 00:10,file
0600,10025,10025,43270144,35,414d4c6b,05-05-2011 00:08,05-05-2011 00:08,486,05-05-2011 00:08,file
0644,1000,10034,228747264,1825296,data@app@com.android.vending.apk@classes.dex,06-05-2011 18:27,06-05-2011 18:26,274,06-05-2011 18:26,file
0644,10001,10001,253659136,82,contacts2.db-mj30F4627C,07-05-2011 23:16,07-05-2011 23:16,663,07-05-2011 23:16,file
0600,10025,10025,232296448,5265,43d53b85,05-05-2011 00:07,05-05-2011 00:07,486,05-05-2011 00:07,file
0771,2000,2000,223617024,4294967295,local,04-05-2011 23:17,04-05-2011 23:17,1,04-05-2011 23:17,directory
0755,10026,10026,232011776,4294967295,com.motorola.dock,04-05-2011 23:17,04-05-2011 23:17,270,04-05-2011 23:17,directory
0600,10025,10025,32768,576,7ec94648,05-05-2011 00:07,05-05-2011 00:07,486,05-05-2011 00:07,file
0644,10004,10004,241594368,80,talk.db-mj6BFE5889,06-05-2011 18:42,06-05-2011 18:42,640,06-05-2011 18:42,file
0600,1000,1000,233314304,291,android.accounts.AccountAuthenticator.xml,06-05-2011 18:27,06-05-2011 18:27,451,06-05-2011 18:27,file
0660,10025,10025,11780096,22528,browser.db,08-05-2011 17:58,08-05-2011 18:38,543,05-05-2011 00:06,file
0660,10025,10025,234467328,118,WebViewSettings.xml,06-05-2011 18:28,06-05-2011 18:28,501,06-05-2011 18:28,file
0644,10001,10001,264937472,82,contacts2.db-mj0FAD191B,08-05-2011 17:09,08-05-2011 17:09,663,08-05-2011 17:09,file
0600,10025,10025,236541952,23560,267ead1d,06-05-2011 18:28,06-05-2011 18:28,486,06-05-2011 18:28,file
0771,10025,10025,11874304,4294967295,app_icons,08-05-2011 18:38,08-05-2011 18:38,376,05-05-2011 00:06,directory
0600,10025,10025,43126784,42,f7348375,05-05-2011 00:08,05-05-2011 00:08,486,05-05-2011 00:08,file
0600,10025,10025,223836160,1409,a66a32c6,06-05-2011 18:28,06-05-2011 18:28,486,06-05-2011 18:28,file
0600,1000,1000,266514432,180,usage-19700101.bak,07-05-2011 23:16,07-05-2011 23:16,285,07-05-2011 23:16,file
0644,10025,10025,234954752,512,http_twitpic.com_0.localstorage-journal,06-05-2011 18:28,06-05-2011 18:28,465,06-05-2011 18:28,file
0644,10025,10025,11859968,5672,WebpageIcons.db-journal,08-05-2011 18:38,08-05-2011 18:38,655,08-05-2011 18:38,file
0755,10030,10030,232028160,4294967295,com.android.vending.updater,04-05-2011 23:17,04-05-2011 23:17,270,04-05-2011 23:17,directory
0700,10039,10039,223668224,4294967295,temp,08-05-2011 18:00,08-05-2011 18:00,732,08-05-2011 18:00,directory
0600,10025,10025,236480512,44855,b518a896,06-05-2011 18:28,06-05-2011 18:28,486,06-05-2011 18:28,file
0600,10025,10025,236038144,66,56cd748d,06-05-2011 18:28,06-05-2011 18:28,486,06-05-2011 18:28,file
0600,10025,10025,41066496,42,d152c634,05-05-2011 00:08,05-05-2011 00:08,486,05-05-2011 00:08,file
0600,10025,10025,47861760,493,b8a18f67,05-05-2011 00:15,05-05-2011 00:15,486,05-05-2011 00:14,file
0644,10001,10001,233494528,82,contacts2.db-mj31F0D608,06-05-2011 18:27,06-05-2011 18:27,663,06-05-2011 18:27,file
0755,10040,10040,273324032,4294967295,com.google.android.latinimetutorial,04-05-2011 23:17,04-05-2011 23:17,270,04-05-2011 23:17,directory
0755,10011,10011,273747968,4294967295,com.google.android.partnersetup,04-05-2011 23:17,04-05-2011 23:17,270,04-05-2011 23:17,directory
0600,1000,1000,229046272,0,processed,06-05-2011 18:27,06-05-2011 18:27,467,06-05-2011 18:27,file
0600,10025,10025,665600,10865,f3aedd6c,06-05-2011 18:28,06-05-2011 18:28,486,06-05-2011 18:28,file
0644,10004,10004,268345344,80,talk.db-mj095FBF7F,08-05-2011 17:34,08-05-2011 17:34,640,08-05-2011 17:34,file
0644,10004,10004,264499200,80,talk.db-mj4E7F16AE,08-05-2011 17:09,08-05-2011 17:09,640,08-05-2011 17:09,file
0600,10025,10025,239616,0,37476c6d,08-05-2011 18:02,08-05-2011 18:02,486,08-05-2011 18:02,file
0600,10025,10025,2304000,72037,e62037d2,05-05-2011 00:07,05-05-2011 00:07,486,05-05-2011 00:07,file
0600,10025,10025,47493120,13799,54e7b838,05-05-2011 00:14,05-05-2011 00:14,486,05-05-2011 00:14,file
0600,10025,10025,700416,6,b4ca0195,06-05-2011 18:28,06-05-2011 18:28,486,06-05-2011 18:28,file
0600,10025,10025,39071744,44,34308a2d,05-05-2011 00:07,05-05-2011 00:07,486,05-05-2011 00:07,file
0600,10034,10034,219054080,6302,AVMC_U9634bb16_GIR_3866271355852675392_0_0,06-05-2011 18:26,06-05-2011 18:26,884,06-05-2011 18:26,file
0600,10025,10025,236191744,648,ce927eec,06-05-2011 18:28,06-05-2011 18:28,486,06-05-2011 18:28,file
0660,10031,10031,17799168,12288,motosync.db,11-05-2011 17:38,04-05-2011 23:18,257,04-05-2011 23:18,file
0660,10034,10034,16861184,6144,assets14.db,11-05-2011 17:38,07-05-2011 23:15,721,06-05-2011 18:24,file
0755,10045,10045,232157184,4294967295,com.svox.pico,04-05-2011 23:17,04-05-2011 23:17,270,04-05-2011 23:17,directory
0600,0,0,23975936,1,.temp,11-05-2011 17:53,11-05-2011 17:53,273,11-05-2011 17:53,file
0660,10041,10041,18020352,6144,gmail.db,11-05-2011 17:38,08-05-2011 18:43,703,04-05-2011 23:18,file
0644,10004,10004,210255872,80,talk.db-mj386CC4CB,06-05-2011 18:25,06-05-2011 18:25,640,06-05-2011 18:25,file
0600,10034,10034,217929728,3163,AVMC_U9634bb16_GIR_-6470905889354162509_0_0,06-05-2011 18:26,06-05-2011 18:26,884,06-05-2011 18:26,file
0600,10025,10025,43137024,1150,dce291da,05-05-2011 00:08,05-05-2011 00:08,486,05-05-2011 00:08,file
0660,10008,10008,3082240,273,com.android.calendar_preferences.xml,04-05-2011 23:18,04-05-2011 23:18,488,04-05-2011 23:18,file
0600,10034,10034,215963648,5737,AVMC_U9634bb16_GIR_4390733411674150848_0_0,06-05-2011 18:26,06-05-2011 18:26,884,06-05-2011 18:26,file
0600,1000,1000,229050368,174,journal71805.tmp,01-01-1970 00:00,06-05-2011 18:27,468,01-01-1970 00:00,file
0644,10004,10004,14944256,80,talk.db-mj5341C33C,08-05-2011 19:06,08-05-2011 19:06,640,08-05-2011 19:06,file
0660,10015,10015,18075648,316,com.amazon.mp3_preferences.xml,11-05-2011 17:38,11-05-2011 17:38,463,11-05-2011 17:38,file
0644,10004,10004,240451584,80,talk.db-mj189BEE80,06-05-2011 18:40,06-05-2011 18:40,640,06-05-2011 18:40,file
0644,10001,10001,20760576,82,contacts2.db-mj3EF60A26,11-05-2011 17:38,11-05-2011 17:38,663,11-05-2011 17:38,file
0666,0,0,29855744,8,cc_data,11-05-2011 18:10,11-05-2011 18:10,1,04-05-2011 23:17,file
0644,10001,10001,215492608,82,contacts2.db-mj7DB4DD71,06-05-2011 18:26,06-05-2011 18:26,663,06-05-2011 18:26,file
0600,10025,10025,421888,7588,68e9da5f,05-05-2011 00:07,05-05-2011 00:07,486,05-05-2011 00:07,file
0644,10004,10004,266971136,80,talk.db-mj6A971DFA,08-05-2011 17:30,08-05-2011 17:30,640,08-05-2011 17:30,file
0600,10034,10034,220614656,6173,AVMC_U9634bb16_GIR_-7524733960249724218_0_0,06-05-2011 18:26,06-05-2011 18:26,884,06-05-2011 18:26,file
0600,1000,1000,246063104,5008,usage-20110506.bak,06-05-2011 23:18,06-05-2011 23:18,285,06-05-2011 23:18,file
0600,10025,10025,1482752,35,65184945,05-05-2011 00:07,05-05-2011 00:07,486,05-05-2011 00:07,file
0600,1000,1000,247228416,64,appwidgets.xml.tmp,07-05-2011 23:15,07-05-2011 23:15,282,07-05-2011 23:15,file
0644,10001,10001,252852224,82,contacts2.db-mj00B4E8A8,07-05-2011 23:16,07-05-2011 23:16,663,07-05-2011 23:16,file
0600,10025,10025,29757440,345,70f29089,05-05-2011 00:06,05-05-2011 00:06,486,05-05-2011 00:06,file
0600,10025,10025,43053056,1078,0105657a,05-05-2011 00:08,05-05-2011 00:08,486,05-05-2011 00:08,file
0600,10025,10025,236488704,37,97dbc528,06-05-2011 18:28,06-05-2011 18:28,486,06-05-2011 18:28,file
0755,10004,10004,274409472,4294967295,com.google.android.syncadapters.contacts,04-05-2011 23:17,04-05-2011 23:17,270,04-05-2011 23:17,directory
0755,1002,1002,268658688,4294967295,F4:FC:32:38:71:B7,08-05-2011 17:34,08-05-2011 17:34,263,08-05-2011 17:34,directory
0600,10034,10034,216047616,5581,AVMC_U9634bb16_GIR_1598736280505934395_0_0,06-05-2011 18:26,06-05-2011 18:26,884,06-05-2011 18:26,file
0600,10025,10025,273954816,11913,f64eba1c,05-05-2011 00:16,05-05-2011 00:16,486,05-05-2011 00:16,file
0600,10025,10025,2562048,5265,b2ff9ebf,06-05-2011 18:28,06-05-2011 18:28,486,06-05-2011 18:28,file
0600,10025,10025,274006016,6084,d2e08c20,05-05-2011 00:16,05-05-2011 00:16,486,05-05-2011 00:16,file
0600,10025,10025,233959424,0,85d29099,06-05-2011 18:27,06-05-2011 18:27,486,06-05-2011 18:27,file
0600,10025,10025,236351488,59817,5d18c72c,05-05-2011 00:08,05-05-2011 00:08,486,05-05-2011 00:08,file
0600,10025,10025,268288,230,f452ff70,06-05-2011 18:28,06-05-2011 18:28,486,06-05-2011 18:28,file
0600,10025,10025,45645824,42,722767ac,05-05-2011 00:10,05-05-2011 00:10,486,05-05-2011 00:10,file
0644,10006,10006,249874432,3608,external-54dc12ed.db-journal,07-05-2011 23:16,07-05-2011 23:16,600,07-05-2011 23:16,file
0600,10025,10025,237623296,14404,d21e1372,06-05-2011 18:28,06-05-2011 18:28,486,06-05-2011 18:28,file
0600,10025,10025,224417792,422,21fa16b9,06-05-2011 18:27,06-05-2011 18:27,486,06-05-2011 18:27,file
0644,10004,10004,32995328,80,talk.db-mj0DEE110A,01-01-1970 00:01,01-01-1970 00:01,640,01-01-1970 00:01,file
0600,10025,10025,41041920,36,26c4c039,05-05-2011 00:08,05-05-2011 00:08,486,05-05-2011 00:08,file
0600,10034,10034,217473024,1702,AVMC_U9634bb16_SA_8692145344199919748,06-05-2011 18:26,06-05-2011 18:26,884,06-05-2011 18:26,file
0660,10001,10001,30752768,97280,contacts2.db,01-01-1970 00:00,11-05-2011 17:38,663,04-05-2011 23:17,file
0600,1000,1000,30173184,0,unlinked,11-05-2011 18:10,11-05-2011 18:10,3,11-05-2011 18:10,file
0644,10001,10001,215607296,82,contacts2.db-mj38F82268,06-05-2011 18:26,06-05-2011 18:26,663,06-05-2011 18:26,file
0644,10025,10025,11737088,3608,webview.db-journal,08-05-2011 18:38,08-05-2011 18:38,543,08-05-2011 18:38,file
0600,10025,10025,223827968,207,0b439fc7,06-05-2011 18:28,06-05-2011 18:28,486,06-05-2011 18:28,file
0600,0,0,23980032,1,persist.service.adb.enable,11-05-2011 17:53,11-05-2011 17:53,273,11-05-2011 17:53,file
0644,10004,10004,14526464,80,talk.db-mj7AF795E8,08-05-2011 18:53,08-05-2011 18:53,640,08-05-2011 18:53,file
0755,10008,10008,50726912,4294967295,com.android.providers.calendar,05-05-2011 00:37,05-05-2011 00:37,270,04-05-2011 23:17,directory
0644,1000,1000,29118464,4640,checkin.db-journal,11-05-2011 18:08,11-05-2011 18:08,481,11-05-2011 18:08,file
0600,10034,10034,220717056,5784,AVMC_U9634bb16_GIR_-4909066067961372186_0_0,06-05-2011 18:26,06-05-2011 18:26,884,06-05-2011 18:26,file
0755,10018,10018,273874944,4294967295,com.android.musicvis,04-05-2011 23:17,04-05-2011 23:17,270,04-05-2011 23:17,directory
0600,10034,10034,218183680,275,AVMC_U9634bb16_CR-186875941544580389_0_3_self_,06-05-2011 18:26,06-05-2011 18:26,884,06-05-2011 18:26,file
0644,10004,10004,253968384,80,talk.db-mj534D0A4D,07-05-2011 23:17,07-05-2011 23:17,640,07-05-2011 23:17,file
0644,10004,10004,248598528,80,talk.db-mj6AEF8D1A,07-05-2011 23:15,07-05-2011 23:15,640,07-05-2011 23:15,file
0600,10025,10025,232288256,26152,5a4948aa,05-05-2011 00:07,05-05-2011 00:07,486,05-05-2011 00:07,file
0644,10004,10004,28870656,80,talk.db-mj59E15753,11-05-2011 18:08,11-05-2011 18:08,640,11-05-2011 18:08,file
0755,10043,10043,232148992,4294967295,android.tts,04-05-2011 23:17,04-05-2011 23:17,270,04-05-2011 23:17,directory
0600,1000,1000,29868032,424,status.bin,11-05-2011 18:10,11-05-2011 18:10,512,11-05-2011 18:10,file
0600,10025,10025,234891264,67773,124ee3bc,06-05-2011 18:28,06-05-2011 18:28,486,06-05-2011 18:28,file
0644,10004,10004,264527872,80,talk.db-mj33413944,08-05-2011 17:09,08-05-2011 17:09,640,08-05-2011 17:09,file
0644,10001,10001,28661760,82,contacts2.db-mj3D6F3320,11-05-2011 18:07,11-05-2011 18:07,663,11-05-2011 18:07,file
0644,10004,10004,17334272,80,talk.db-mj49D2603B,11-05-2011 17:38,11-05-2011 17:38,640,11-05-2011 17:38,file
0600,10025,10025,272384,745,91b1068d,06-05-2011 18:28,06-05-2011 18:28,486,06-05-2011 18:28,file
0600,10025,10025,39079936,1150,e5dc5a90,05-05-2011 00:07,05-05-2011 00:07,486,05-05-2011 00:07,file
0660,10046,10046,238604288,143,com.twitter.android_preferences.xml,06-05-2011 18:29,06-05-2011 18:29,1005,06-05-2011 18:29,file
0644,10001,10001,249016320,82,contacts2.db-mj2934839A,07-05-2011 23:15,07-05-2011 23:15,663,07-05-2011 23:15,file
0600,10025,10025,47622144,103917,1aa15427,05-05-2011 00:14,05-05-2011 00:14,486,05-05-2011 00:14,file
0644,10001,10001,241772544,82,contacts2.db-mj31216C71,06-05-2011 18:42,06-05-2011 18:42,663,06-05-2011 18:42,file
0600,10025,10025,271319040,315,18b1ffc5,08-05-2011 17:58,08-05-2011 17:58,486,08-05-2011 17:58,file
0600,10025,10025,43141120,44,901a05ea,05-05-2011 00:08,05-05-2011 00:08,486,05-05-2011 00:08,file
0644,1000,10036,273307648,697176,system@app@GenieWidget.apk@classes.dex,04-05-2011 23:17,01-08-2008 12:00,274,01-08-2008 12:00,file
0644,10004,10004,21975040,80,talk.db-mj66563A4D,11-05-2011 17:38,11-05-2011 17:38,640,11-05-2011 17:38,file
0600,1000,1000,233369600,972,android.content.SyncAdapter.xml,06-05-2011 18:27,06-05-2011 18:27,451,06-05-2011 18:27,file
0600,10025,10025,234977280,3868,9b37d987,06-05-2011 18:28,06-05-2011 18:28,486,05-05-2011 00:07,file
0600,10004,10004,21962752,2568,mtalk.google.com.5228,11-05-2011 17:38,11-05-2011 17:38,963,06-05-2011 18:26,file
0600,10025,10025,299008,121,edef781b,06-05-2011 18:28,06-05-2011 18:28,486,06-05-2011 18:28,file
0600,10025,10025,234887168,10220,7efe195e,06-05-2011 18:28,06-05-2011 18:28,486,06-05-2011 18:28,file
0600,10034,10034,215975936,4313,AVMC_U9634bb16_GIR_3568793345082268620_0_0,06-05-2011 18:26,06-05-2011 18:26,884,06-05-2011 18:26,file
0600,10025,10025,224782336,23,6292745a,06-05-2011 18:26,06-05-2011 18:26,486,05-05-2011 00:06,file
0600,1000,1000,21547008,180,usage-19700101,11-05-2011 17:38,11-05-2011 17:38,285,11-05-2011 17:38,file
0600,1000,1000,29878272,132,stats.bin.bak,11-05-2011 17:38,11-05-2011 17:38,512,11-05-2011 17:38,file
0755,10004,10004,49809408,4294967295,com.google.android.providers.enhancedgooglesearch,05-05-2011 00:37,05-05-2011 00:37,270,04-05-2011 23:17,directory
0644,10001,10001,268494848,82,contacts2.db-mj201A08FD,08-05-2011 17:34,08-05-2011 17:34,663,08-05-2011 17:34,file
0770,1000,1000,223614976,4294967295,profiles,04-05-2011 23:17,04-05-2011 23:17,265,04-05-2011 23:17,directory
0644,10001,10001,33024000,82,contacts2.db-mj35043C8A,01-01-1970 00:01,01-01-1970 00:01,663,01-01-1970 00:01,file
0664,1000,1000,30216192,71055,packages-backup.xml,11-05-2011 17:38,11-05-2011 17:38,282,11-05-2011 17:38,file
0600,10034,10034,217524224,2828,AVMC_U9634bb16_SA_-2561547227915742812,06-05-2011 18:26,06-05-2011 18:26,884,06-05-2011 18:26,file
0660,1000,1000,30312448,19456,accounts.db,01-01-1970 00:00,11-05-2011 17:40,282,04-05-2011 23:17,file
0600,10025,10025,11810816,216,ba739c62,08-05-2011 18:38,08-05-2011 18:38,486,08-05-2011 17:59,file
0700,0,0,23977984,4294967295,property,11-05-2011 17:53,11-05-2011 17:53,1,04-05-2011 23:17,directory
0770,1002,1002,268654592,4294967295,bluetoothd,08-05-2011 17:34,08-05-2011 17:34,262,04-05-2011 23:17,directory
0644,10001,10001,268161024,82,contacts2.db-mj072CF846,08-05-2011 17:32,08-05-2011 17:32,663,08-05-2011 17:32,file
0600,10025,10025,41050112,38,04022734,05-05-2011 00:08,05-05-2011 00:08,486,05-05-2011 00:08,file
0600,10025,10025,45621248,36,1f7fd227,05-05-2011 00:10,05-05-2011 00:10,486,05-05-2011 00:10,file
0771,1000,1000,223875072,4294967295,anr,04-05-2011 23:17,04-05-2011 23:17,1,04-05-2011 23:17,directory
0600,10034,10034,219058176,4421,AVMC_U9634bb16_GIR_-7437887219586974430_0_0,06-05-2011 18:26,06-05-2011 18:26,884,06-05-2011 18:26,file
0644,10001,10001,268437504,82,contacts2.db-mj5B175457,08-05-2011 17:34,08-05-2011 17:34,663,08-05-2011 17:34,file
0771,1001,1001,262891520,4294967295,ril,01-01-1970 12:54,01-01-1970 12:54,262,04-05-2011 23:17,directory
0755,1000,1000,4458496,4294967295,com.google.android.location,04-05-2011 23:18,04-05-2011 23:18,270,04-05-2011 23:17,directory
0755,10039,10039,223664128,4294967295,com.qo.android.gep,08-05-2011 18:00,08-05-2011 18:00,270,04-05-2011 23:17,directory
0644,10001,10001,21936128,82,contacts2.db-mj7AB5C07B,11-05-2011 17:38,11-05-2011 17:38,663,11-05-2011 17:38,file
0644,10001,10001,14231552,82,contacts2.db-mj12CA0FB0,08-05-2011 18:52,08-05-2011 18:52,663,08-05-2011 18:52,file
0600,10025,10025,29650944,368,470b7da9,05-05-2011 00:06,05-05-2011 00:06,486,05-05-2011 00:06,file
0750,0,1007,262860800,4294967295,dontpanic,01-01-1970 12:54,04-05-2011 23:17,1,04-05-2011 23:17,directory
0600,10034,10034,216008704,4459,AVMC_U9634bb16_GIR_-5263495159707086348_0_0,06-05-2011 18:26,06-05-2011 18:26,884,06-05-2011 18:26,file
0755,10003,10003,231880704,4294967295,com.google.android.marvin.kickback,04-05-2011 23:17,04-05-2011 23:17,270,04-05-2011 23:17,directory
0771,10025,10025,6860800,4294967295,app_databases,08-05-2011 18:27,08-05-2011 18:27,376,05-05-2011 00:06,directory
0700,1017,1017,223610880,4294967295,keystore,04-05-2011 23:17,04-05-2011 23:17,262,04-05-2011 23:17,directory
0644,10004,10004,1103872,80,talk.db-mj423472B3,08-05-2011 18:06,08-05-2011 18:06,640,08-05-2011 18:06,file
0644,1001,1001,246982656,2576,telephony.db-journal,01-01-1970 23:29,01-01-1970 23:29,499,01-01-1970 23:29,file
0600,10025,10025,238182400,60806,1149963056_pic.save,06-05-2011 18:28,06-05-2011 18:28,644,06-05-2011 18:28,file
0644,10001,10001,14288896,82,contacts2.db-mj7E228456,08-05-2011 18:52,08-05-2011 18:52,663,08-05-2011 18:52,file
0600,10025,10025,39067648,2942,b87a5575,05-05-2011 00:07,05-05-2011 00:07,486,05-05-2011 00:07,file
0644,10004,10004,269453312,80,talk.db-mj0CAE7C40,08-05-2011 17:48,08-05-2011 17:48,640,08-05-2011 17:48,file
0600,10025,10025,227186688,0,69252c1d,06-05-2011 18:27,06-05-2011 18:27,486,06-05-2011 18:27,file
0644,1000,10022,274403328,444216,system@app@MediaUploader.apk@classes.dex,04-05-2011 23:17,19-12-2010 23:50,274,19-12-2010 23:50,file
0644,10001,10001,267696128,82,contacts2.db-mj2D1757A4,08-05-2011 17:32,08-05-2011 17:32,663,08-05-2011 17:32,file
0600,10034,10034,211513344,507,82937b4b,06-05-2011 18:26,06-05-2011 18:26,638,06-05-2011 18:26,file
0600,10025,10025,274112512,152,34db5aa0,05-05-2011 00:14,05-05-2011 00:14,486,05-05-2011 00:14,file
0644,10046,10046,239828992,3608,twitter.db-journal,06-05-2011 18:30,06-05-2011 18:30,513,06-05-2011 18:30,file
0644,10004,10004,32104448,80,talk.db-mj36CD782A,01-01-1970 00:00,01-01-1970 00:00,640,01-01-1970 00:00,file
0600,10025,10025,229847040,0,c47ecae7,06-05-2011 18:27,06-05-2011 18:27,486,06-05-2011 18:27,file
0600,10025,10025,32514048,35,c936daa7,05-05-2011 00:06,05-05-2011 00:06,486,05-05-2011 00:06,file
0755,10034,10034,229158912,4294967295,com.android.vending,06-05-2011 18:27,06-05-2011 18:27,270,04-05-2011 23:17,directory
0644,10041,10041,12136448,2576,gmail.db-journal,08-05-2011 18:43,08-05-2011 18:43,703,08-05-2011 18:43,file
0600,10025,10025,448512,1948,ff8761d9,05-05-2011 00:07,05-05-2011 00:07,486,05-05-2011 00:07,file
0600,10034,10034,217483264,2894,AVMC_U9634bb16_SA_-6470905889354162509,06-05-2011 18:26,06-05-2011 18:26,884,06-05-2011 18:26,file
0644,10001,10001,20885504,82,contacts2.db-mj19A34C7A,11-05-2011 17:38,11-05-2011 17:38,663,11-05-2011 17:38,file
0600,10025,10025,223815680,87972,f0e46b0a,06-05-2011 18:28,06-05-2011 18:28,486,06-05-2011 18:28,file
0660,10034,10034,217565184,5120,suggestions.db,06-05-2011 18:26,06-05-2011 18:26,721,06-05-2011 18:26,file
0600,10025,10025,273958912,43,0e0ff397,05-05-2011 00:16,05-05-2011 00:16,486,05-05-2011 00:16,file
0644,10004,10004,7430144,80,talk.db-mj0884DA5A,08-05-2011 18:32,08-05-2011 18:32,640,08-05-2011 18:32,file
0600,10034,10034,218189824,2357,AVMC_U9634bb16_GIR_-186875941544580389_0_0,06-05-2011 18:26,06-05-2011 18:26,884,06-05-2011 18:26,file
0644,10001,10001,30932992,82,contacts2.db-mj1BB751CE,01-01-1970 00:00,01-01-1970 00:00,663,01-01-1970 00:00,file
0600,10034,10034,218187776,2726,AVMC_U9634bb16_SA_-186875941544580389,06-05-2011 18:26,06-05-2011 18:26,884,06-05-2011 18:26,file
0600,10025,10025,234938368,72174,c16dd3d0,06-05-2011 18:28,06-05-2011 18:28,486,06-05-2011 18:28,file
0600,10025,10025,223832064,6,888397c8,06-05-2011 18:28,06-05-2011 18:28,486,06-05-2011 18:28,file
0600,10025,10025,39061504,42,8ffef0c9,05-05-2011 00:07,05-05-2011 00:07,486,05-05-2011 00:07,file
0644,10001,10001,216307712,82,contacts2.db-mj5CA92EF3,06-05-2011 18:26,06-05-2011 18:26,663,06-05-2011 18:26,file
0600,10025,10025,223381504,525,e16e08d0,06-05-2011 18:28,06-05-2011 18:28,486,06-05-2011 18:28,file
0600,10025,10025,38932480,1206,d68ae456,05-05-2011 00:07,05-05-2011 00:07,486,05-05-2011 00:07,file
0600,10034,10034,215951360,4131,AVMC_U9634bb16_GIR_3577001841800007762_0_0,06-05-2011 18:26,06-05-2011 18:26,884,06-05-2011 18:26,file
0600,10025,10025,223389696,1150,74c51fc9,06-05-2011 18:28,06-05-2011 18:28,486,06-05-2011 18:28,file
0644,10004,10004,255453184,80,talk.db-mj1879C87B,07-05-2011 23:45,07-05-2011 23:45,640,07-05-2011 23:45,file
0600,10025,10025,235343872,37553,ce30418f,06-05-2011 18:27,06-05-2011 18:27,486,06-05-2011 18:27,file
0644,10001,10001,216348672,82,contacts2.db-mj02119884,06-05-2011 18:26,06-05-2011 18:26,663,06-05-2011 18:26,file
0600,10025,10025,48386048,6151,79475ba6,05-05-2011 00:16,05-05-2011 00:16,486,05-05-2011 00:16,file
0600,10025,10025,35031040,13091,ebdaa7fb,05-05-2011 00:07,05-05-2011 00:07,486,05-05-2011 00:07,file
0644,10025,10025,11900928,512,webviewCache.db-journal,08-05-2011 18:38,08-05-2011 18:38,543,08-05-2011 18:38,file
0660,10025,10025,26742784,227,com.android.browser_preferences.xml,05-05-2011 00:06,05-05-2011 00:06,501,05-05-2011 00:06,file
0755,10004,10004,50989056,4294967295,com.google.android.apps.gtalkservice,05-05-2011 00:37,05-05-2011 00:37,270,04-05-2011 23:17,directory
0600,10025,10025,233992192,9820,0e1c0208,06-05-2011 18:28,06-05-2011 18:28,486,06-05-2011 18:28,file
0600,10034,10034,220844032,4572,AVMC_U9634bb16_GIR_7320095393897136769_0_0,06-05-2011 18:26,06-05-2011 18:26,884,06-05-2011 18:26,file
0644,10004,10004,28329984,80,talk.db-mj5CF1F631,11-05-2011 18:06,11-05-2011 18:06,640,11-05-2011 18:06,file
0644,10004,10004,266747904,80,talk.db-mj5877EF92,08-05-2011 17:09,08-05-2011 17:09,640,08-05-2011 17:09,file
0755,10024,10024,208625664,4294967295,com.android.setupwizard,06-05-2011 18:25,06-05-2011 18:25,270,04-05-2011 23:17,directory
0600,10025,10025,271812608,36495,2448f34c,08-05-2011 17:58,08-05-2011 17:58,486,08-05-2011 17:58,file
0700,1000,1000,29992960,4294967295,usagestats,11-05-2011 18:10,11-05-2011 18:10,282,04-05-2011 23:17,directory
0600,10025,10025,41058304,40,291142d1,05-05-2011 00:08,05-05-2011 00:08,486,05-05-2011 00:08,file
0644,10004,10004,256425984,80,talk.db-mj6EBB38FD,08-05-2011 01:29,08-05-2011 01:29,640,08-05-2011 01:29,file
0600,10025,10025,473088,91,7be79dcc,05-05-2011 00:07,05-05-2011 00:07,486,05-05-2011 00:07,file
0600,10025,10025,32518144,36,26b17dd9,05-05-2011 00:06,05-05-2011 00:06,486,05-05-2011 00:06,file
0600,1000,1000,18438144,8,syncmanager.prefs,11-05-2011 17:38,11-05-2011 17:38,282,04-05-2011 23:19,file
0644,10004,10004,210968576,80,talk.db-mj2F647A2B,06-05-2011 18:25,06-05-2011 18:25,640,06-05-2011 18:25,file
0660,10041,10041,10102784,126,_has_set_default_values.xml,04-05-2011 23:18,04-05-2011 23:18,674,04-05-2011 23:18,file
0660,1000,1000,30504960,11264,subscribedfeeds.db,01-01-1970 00:00,11-05-2011 17:38,474,04-05-2011 23:17,file
0600,10025,10025,235988992,10865,bc13ea9d,06-05-2011 18:28,06-05-2011 18:28,486,06-05-2011 18:28,file
0644,10001,10001,267517952,82,contacts2.db-mj5757BACA,08-05-2011 17:31,08-05-2011 17:31,663,08-05-2011 17:31,file
0600,10034,10034,215986176,3238,AVMC_U9634bb16_GIR_1814225065906701515_0_0,06-05-2011 18:26,06-05-2011 18:26,884,06-05-2011 18:26,file
0755,1000,1000,226756608,4294967295,com.google.android.server.checkin,04-05-2011 23:17,04-05-2011 23:17,270,04-05-2011 23:17,directory
0755,10012,10012,5122048,4294967295,com.android.email,04-05-2011 23:18,04-05-2011 23:18,270,04-05-2011 23:17,directory
0644,10004,10004,1906688,80,talk.db-mj648163B6,08-05-2011 18:09,08-05-2011 18:09,640,08-05-2011 18:09,file
0600,1000,1000,16029696,153,journal63442.tmp,01-01-1970 00:00,01-01-1970 00:00,468,01-01-1970 00:00,file
0660,10006,10006,56363008,33792,external-10210b8e.db,05-05-2011 02:29,05-05-2011 02:29,600,04-05-2011 23:18,file
0644,10004,10004,210843648,80,talk.db-mj6744F5B8,06-05-2011 18:25,06-05-2011 18:25,640,06-05-2011 18:25,file
0644,10001,10001,253030400,82,contacts2.db-mj01EB4147,07-05-2011 23:16,07-05-2011 23:16,663,07-05-2011 23:16,file
0600,10025,10025,35139584,37,bd543923,05-05-2011 00:07,05-05-2011 00:07,486,05-05-2011 00:07,file
0644,10034,10034,218621952,2576,assets.db-journal,06-05-2011 18:26,06-05-2011 18:26,721,06-05-2011 18:26,file
0660,1001,1001,223873024,4294967295,pppd-notifier.fifo,04-05-2011 23:17,04-05-2011 23:17,278,04-05-2011 23:17,special
0644,10001,10001,215537664,82,contacts2.db-mj59AD2AFB,06-05-2011 18:26,06-05-2011 18:26,663,06-05-2011 18:26,file
0600,10025,10025,42887168,22651,c4766ecf,05-05-2011 00:08,05-05-2011 00:08,486,05-05-2011 00:08,file
0600,10025,10025,11802624,276,b193c3e5,08-05-2011 18:38,08-05-2011 18:38,486,08-05-2011 17:59,file
0600,10012,10012,5128192,18,deviceName,04-05-2011 23:18,04-05-2011 23:18,570,04-05-2011 23:18,file
0644,10004,10004,31678464,80,talk.db-mj45C75859,01-01-1970 00:00,01-01-1970 00:00,640,01-01-1970 00:00,file
0660,10001,10001,17221632,7168,launcher.db,11-05-2011 17:38,04-05-2011 23:19,604,04-05-2011 23:19,file
0600,10025,10025,274102272,27477,9a6ff749,05-05-2011 00:14,05-05-2011 00:14,486,05-05-2011 00:14,file
0644,10004,10004,264443904,80,talk.db-mj20879C44,08-05-2011 17:09,08-05-2011 17:09,640,08-05-2011 17:09,file
0600,0,0,1716224,16,persist.sys.timezone,04-05-2011 23:17,04-05-2011 23:17,273,04-05-2011 23:17,file
0644,10004,10004,264556544,80,talk.db-mj3DEA417B,08-05-2011 17:09,08-05-2011 17:09,640,08-05-2011 17:09,file
0660,10004,10004,263481344,7168,googlesettings.db,01-01-1970 12:54,04-05-2011 23:18,494,04-05-2011 23:17,file
0644,10004,10004,28633088,80,talk.db-mj0F06CEC0,11-05-2011 18:07,11-05-2011 18:07,640,11-05-2011 18:07,file
0600,10025,10025,45637632,39,7bf7c4a4,05-05-2011 00:10,05-05-2011 00:10,486,05-05-2011 00:10,file
0644,10004,10004,248567808,80,talk.db-mj225B9AF9,07-05-2011 23:15,07-05-2011 23:15,640,07-05-2011 23:15,file
0660,10012,10012,17313792,27648,EmailProvider.db,11-05-2011 17:38,04-05-2011 23:18,507,04-05-2011 23:18,file
0660,10034,10034,248999936,691,vending_preferences.xml.bak,06-05-2011 18:27,06-05-2011 18:27,672,06-05-2011 18:27,file
0600,10025,10025,274108416,2380,49fe5a6a,05-05-2011 00:14,05-05-2011 00:14,486,05-05-2011 00:14,file
0771,2000,2000,25108480,4294967295,tmp,11-05-2011 17:57,11-05-2011 17:57,268,04-05-2011 23:17,directory
0755,10010,10010,273735680,4294967295,com.vzw.vvm.androidclient,04-05-2011 23:17,04-05-2011 23:17,270,04-05-2011 23:17,directory
0600,10025,10025,2109440,8460,48f09693,05-05-2011 00:14,05-05-2011 00:14,486,05-05-2011 00:14,file
0660,10038,10038,32296960,65,AlarmClock.xml.bak,11-05-2011 17:38,11-05-2011 17:38,670,11-05-2011 17:38,file
0644,10001,10001,18032640,82,contacts2.db-mj7FEF3236,11-05-2011 17:38,11-05-2011 17:38,663,11-05-2011 17:38,file
0600,10025,10025,236312576,43,7abc6047,06-05-2011 18:28,06-05-2011 18:28,486,06-05-2011 18:28,file
0600,10025,10025,45629440,38,f9ae12c7,05-05-2011 00:10,05-05-2011 00:10,486,05-05-2011 00:10,file
0600,10025,10025,432128,639,90c5393e,05-05-2011 00:07,05-05-2011 00:07,486,05-05-2011 00:07,file
0755,10003,10003,225462272,4294967295,com.google.android.marvin.talkback,04-05-2011 23:17,04-05-2011 23:17,270,04-05-2011 23:17,directory
0600,10025,10025,24576,1624,4045e34e,05-05-2011 00:07,05-05-2011 00:07,486,05-05-2011 00:07,file
0600,10034,10034,218005504,3321,AVMC_U9634bb16_GIR_-655981519866441395_0_0,06-05-2011 18:26,06-05-2011 18:26,884,06-05-2011 18:26,file
0644,10004,10004,260980736,80,talk.db-mj59B6E150,08-05-2011 03:22,08-05-2011 03:22,640,08-05-2011 03:22,file
0755,10028,10028,232022016,4294967295,com.android.wallpaper,04-05-2011 23:17,04-05-2011 23:17,270,04-05-2011 23:17,directory
0600,10025,10025,32542720,42,bafdda0d,05-05-2011 00:06,05-05-2011 00:06,486,05-05-2011 00:06,file
0755,10015,10015,1712128,4294967295,com.amazon.mp3,04-05-2011 23:17,04-05-2011 23:17,270,04-05-2011 23:17,directory
0600,1000,1000,30175232,0,deleted,11-05-2011 18:10,11-05-2011 18:10,4,11-05-2011 18:10,file
0600,10025,10025,223434752,42090,83dfd405,06-05-2011 18:28,06-05-2011 18:28,486,06-05-2011 18:28,file
0600,10025,10025,45641728,41,bcee1dc2,05-05-2011 00:10,05-05-2011 00:10,486,05-05-2011 00:10,file
0660,10025,10025,11833344,181248,webviewCache.db,08-05-2011 17:58,08-05-2011 18:38,543,05-05-2011 00:06,file
0755,10044,10044,232153088,4294967295,com.android.certinstaller,04-05-2011 23:17,04-05-2011 23:17,270,04-05-2011 23:17,directory
0755,10006,10006,273866752,4294967295,com.android.providers.drm,04-05-2011 23:17,04-05-2011 23:17,270,04-05-2011 23:17,directory
0600,10025,10025,232316928,13433,c71501e0,05-05-2011 00:07,05-05-2011 00:07,486,05-05-2011 00:07,file
0644,10004,10004,28880896,512,talk.db-journal,11-05-2011 18:08,11-05-2011 18:08,640,11-05-2011 18:08,file
0600,10025,10025,29761536,231,c336fd0c,05-05-2011 00:06,05-05-2011 00:06,486,05-05-2011 00:06,file
0600,1000,1000,247326720,171,wallpaper_info.xml,07-05-2011 23:15,07-05-2011 23:15,282,07-05-2011 23:15,file
0600,1000,1000,29982720,872,usage-20110511.bak,11-05-2011 18:08,11-05-2011 18:08,285,11-05-2011 18:08,file
0600,10025,10025,2193408,368,598e4bc9,05-05-2011 00:14,05-05-2011 00:14,486,05-05-2011 00:14,file
0600,10025,10025,28672,35,4e7d66bc,05-05-2011 00:07,05-05-2011 00:07,486,05-05-2011 00:07,file
0644,10004,10004,253843456,80,talk.db-mj03F023F5,07-05-2011 23:16,07-05-2011 23:16,640,07-05-2011 23:16,file
0600,10034,10034,217985024,3619,AVMC_U9634bb16_GIR_-7498726750504503534_0_0,06-05-2011 18:26,06-05-2011 18:26,884,06-05-2011 18:26,file
0660,10041,10041,10096640,245,Gmail.xml,04-05-2011 23:18,04-05-2011 23:18,674,04-05-2011 23:18,file
0755,1001,1001,231899136,4294967295,com.motorola.hiddenmenu,04-05-2011 23:17,04-05-2011 23:17,270,04-05-2011 23:17,directory
0600,10025,10025,2533376,3537,179fd0a2,06-05-2011 18:28,06-05-2011 18:28,486,06-05-2011 18:28,file
0700,1000,1000,229044224,4294967295,backup,06-05-2011 18:27,06-05-2011 18:27,1,04-05-2011 23:17,directory
0644,10004,10004,248453120,80,talk.db-mj6187BAE4,07-05-2011 23:15,07-05-2011 23:15,640,07-05-2011 23:15,file
0755,10001,10001,225601536,4294967295,com.android.providers.applications,04-05-2011 23:17,04-05-2011 23:17,270,04-05-2011 23:17,directory
0600,10025,10025,2574336,3202,293d3fac,06-05-2011 18:28,06-05-2011 18:28,486,06-05-2011 18:28,file
0644,10004,10004,31819776,80,talk.db-mj64C5202E,01-01-1970 00:00,01-01-1970 00:00,640,01-01-1970 00:00,file
0660,10015,10015,18460672,8192,DownloadLibrary.db,11-05-2011 17:38,04-05-2011 23:19,643,04-05-2011 23:19,file
0644,10004,10004,209707008,3608,gls.db-journal,06-05-2011 18:25,06-05-2011 18:25,504,06-05-2011 18:25,file
0600,10025,10025,43048960,216,be35cd30,05-05-2011 00:08,05-05-2011 00:08,486,05-05-2011 00:08,file
0600,10025,10025,48850944,61729,1149104408_pic.save,05-05-2011 00:17,05-05-2011 00:17,644,05-05-2011 00:07,file
0771,1000,1000,233371648,4294967295,registered_services,06-05-2011 18:27,06-05-2011 18:27,282,04-05-2011 23:17,directory
0600,10034,10034,219056128,4400,AVMC_U9634bb16_GIR_598483169333903663_0_0,06-05-2011 18:26,06-05-2011 18:26,884,06-05-2011 18:26,file
0644,10004,10004,12232704,80,talk.db-mj2C0B5823,08-05-2011 18:44,08-05-2011 18:44,640,08-05-2011 18:44,file
0644,10004,10004,256980992,80,talk.db-mj6232208E,08-05-2011 01:39,08-05-2011 01:39,640,08-05-2011 01:39,file
0600,10025,10025,236281856,419,8830d975,06-05-2011 18:28,06-05-2011 18:28,486,06-05-2011 18:28,file
0600,1000,1000,247316480,171,wallpaper_info.xml.tmp,07-05-2011 23:15,07-05-2011 23:15,282,07-05-2011 23:15,file
0644,10001,10001,241369088,82,contacts2.db-mj443EA9F5,06-05-2011 18:41,06-05-2011 18:41,663,06-05-2011 18:41,file
0644,10004,10004,262277120,80,talk.db-mj382884A3,08-05-2011 04:12,08-05-2011 04:12,640,08-05-2011 04:12,file
0644,10025,10025,11773952,2576,browser.db-journal,08-05-2011 18:38,08-05-2011 18:38,543,08-05-2011 18:38,file
0644,10004,10004,210515968,80,talk.db-mj02892224,06-05-2011 18:25,06-05-2011 18:25,640,06-05-2011 18:25,file
0600,1000,1000,256038912,740,usage-20110507.bak,07-05-2011 23:46,07-05-2011 23:46,285,07-05-2011 23:46,file
0600,10025,10025,273977344,2018,5ff1ef83,05-05-2011 00:16,05-05-2011 00:16,486,05-05-2011 00:16,file
0600,10034,10034,214419456,0,AVMC_U9634bb16_GCIR_,06-05-2011 18:26,06-05-2011 18:26,884,06-05-2011 18:26,file
0600,10025,10025,27267072,1150,3d7c2041,05-05-2011 00:06,05-05-2011 00:06,486,05-05-2011 00:06,file
0771,10025,10025,26609664,4294967295,app_appcache,05-05-2011 00:06,05-05-2011 00:06,376,05-05-2011 00:06,directory
0644,10004,10004,266649600,80,talk.db-mj7D99D7F8,08-05-2011 17:09,08-05-2011 17:09,640,08-05-2011 17:09,file
0771,10039,10039,235530240,4294967295,files,08-05-2011 18:03,08-05-2011 18:03,431,08-05-2011 18:00,directory
0600,10025,10025,11896832,11167,1149086128_pic.save,08-05-2011 18:38,08-05-2011 18:38,644,08-05-2011 17:59,file
0660,1000,1010,268249088,134,wpa_supplicant.conf,08-05-2011 17:34,08-05-2011 17:34,267,08-05-2011 17:34,file
0600,10025,10025,37267456,211,d5d94561,06-05-2011 18:26,06-05-2011 18:26,486,06-05-2011 18:26,file
0660,10001,10001,17244160,15,launcher.preferences,11-05-2011 17:38,11-05-2011 17:38,574,04-05-2011 23:19,file
0600,10034,10034,217493504,2158,AVMC_U9634bb16_SA_502520626264236472,06-05-2011 18:26,06-05-2011 18:26,884,06-05-2011 18:26,file
0600,10025,10025,234031104,47183,47a7d083,06-05-2011 18:28,06-05-2011 18:28,486,06-05-2011 18:28,file
0771,1000,1000,23922688,4294967295,shared_prefs,11-05-2011 17:53,11-05-2011 17:53,402,05-05-2011 15:21,directory
0755,10002,10002,231876608,4294967295,com.android.htmlviewer,04-05-2011 23:17,04-05-2011 23:17,270,04-05-2011 23:17,directory
0600,10025,10025,225134592,246,a858491d,06-05-2011 18:27,06-05-2011 18:27,486,06-05-2011 18:27,file
0600,10034,10034,217432064,445,AVMC_U9634bb16_AR{}_twitter____0_10_rei____,06-05-2011 18:26,06-05-2011 18:26,884,06-05-2011 18:26,file
0660,10006,10006,17311744,13312,downloads.db,11-05-2011 17:38,08-05-2011 18:03,487,04-05-2011 23:18,file
0600,10025,10025,234934272,13060,0b371760,06-05-2011 18:28,06-05-2011 18:28,486,06-05-2011 18:28,file
0755,10038,10038,6434816,4294967295,com.android.alarmclock,04-05-2011 23:18,04-05-2011 23:18,270,04-05-2011 23:17,directory
0600,10025,10025,227184640,1755,05e63566,06-05-2011 18:27,06-05-2011 18:27,486,06-05-2011 18:27,file
0600,0,0,921600,2,persist.sys.language,04-05-2011 23:17,04-05-2011 23:17,273,04-05-2011 23:17,file
0600,10025,10025,230064128,1976,b9a22c9d,06-05-2011 18:27,06-05-2011 18:27,486,06-05-2011 18:27,file
0755,2000,2000,25702400,585731,psneuter,11-05-2011 17:57,09-01-2011 00:02,269,09-01-2011 00:02,file
0600,10025,10025,32126976,43,7f576a9e,05-05-2011 00:06,05-05-2011 00:06,486,05-05-2011 00:06,file
0644,10001,10001,216643584,82,contacts2.db-mj627CF103,06-05-2011 18:26,06-05-2011 18:26,663,06-05-2011 18:26,file
0600,10025,10025,235515904,6214,b7006796,06-05-2011 18:28,06-05-2011 18:28,486,06-05-2011 18:28,file
0660,10034,10034,218628096,6144,assets.db,06-05-2011 18:24,06-05-2011 18:26,721,06-05-2011 18:24,file
0660,10001,10001,268222464,125,dialtacts.xml.bak,08-05-2011 17:32,08-05-2011 17:32,613,08-05-2011 17:32,file
0660,1000,1000,31561728,65,system_update_helper.xml.bak,11-05-2011 17:38,11-05-2011 17:38,484,11-05-2011 17:38,file
0755,1000,1000,225576960,4294967295,com.google.android.backup,04-05-2011 23:17,04-05-2011 23:17,270,04-05-2011 23:17,directory
0660,10006,10006,18061312,47104,internal.db,11-05-2011 17:38,04-05-2011 23:18,600,04-05-2011 23:18,file
0600,1000,1000,20971520,308,pending.bin.bak,08-05-2011 18:44,11-05-2011 17:38,512,07-05-2011 23:16,file
0600,1000,1000,30396416,153,journal19350.tmp,01-01-1970 00:00,01-01-1970 00:00,468,01-01-1970 00:00,file
0600,10025,10025,41037824,35,b8cd4e3f,05-05-2011 00:08,05-05-2011 00:08,486,05-05-2011 00:08,file
0755,10003,10003,232130560,4294967295,com.google.android.marvin.soundback,04-05-2011 23:17,04-05-2011 23:17,270,04-05-2011 23:17,directory
0600,10025,10025,294912,437,c696ce98,06-05-2011 18:28,06-05-2011 18:28,486,06-05-2011 18:28,file
0755,1001,1001,226764800,4294967295,com.android.providers.telephony,04-05-2011 23:17,04-05-2011 23:17,270,04-05-2011 23:17,directory
0600,10025,10025,234055680,22065,5f634965,06-05-2011 18:28,06-05-2011 18:28,486,06-05-2011 18:28,file
0644,10001,10001,268552192,82,contacts2.db-mj3D233BFC,08-05-2011 17:34,08-05-2011 17:34,663,08-05-2011 17:34,file
0644,10004,10004,216614912,80,talk.db-mj651F100B,06-05-2011 18:26,06-05-2011 18:26,640,06-05-2011 18:26,file
0600,10034,10034,217939968,3119,AVMC_U9634bb16_GIR_502520626264236472_0_0,06-05-2011 18:26,06-05-2011 18:26,884,06-05-2011 18:26,file
0600,10025,10025,232091648,0,7dfb28f3,08-05-2011 18:01,08-05-2011 18:01,486,08-05-2011 18:01,file
0600,10025,10025,236304384,4474,9ee06c41,06-05-2011 18:28,06-05-2011 18:28,486,06-05-2011 18:28,file
0771,10025,10025,48703488,4294967295,app_thumbnails,08-05-2011 17:59,08-05-2011 17:59,376,05-05-2011 00:06,directory
0600,1000,1000,246798336,153,journal44101.tmp,01-01-1970 23:29,01-01-1970 23:29,468,01-01-1970 23:29,file
0600,10025,10025,235120640,62,de35180c,06-05-2011 18:28,06-05-2011 18:28,486,06-05-2011 18:28,file
0755,10032,10032,6424576,4294967295,com.android.bluetooth,04-05-2011 23:18,04-05-2011 23:18,270,04-05-2011 23:17,directory
0600,1000,1000,30316544,68,pending.bin,11-05-2011 17:39,01-01-1970 00:00,512,11-05-2011 17:38,file
0644,1000,10003,273731584,60640,system@app@talkback.apk@classes.dex,04-05-2011 23:17,19-12-2010 23:50,274,19-12-2010 23:50,file
0600,10025,10025,45633536,40,a6a15852,05-05-2011 00:10,05-05-2011 00:10,486,05-05-2011 00:10,file
0600,10025,10025,236273664,1216,97cb556f,06-05-2011 18:28,06-05-2011 18:28,486,06-05-2011 18:28,file
0600,10025,10025,27275264,473,9b5e992d,05-05-2011 00:06,05-05-2011 00:06,486,05-05-2011 00:06,file
0600,10025,10025,47853568,909,a32328ff,05-05-2011 00:15,05-05-2011 00:15,486,05-05-2011 00:14,file
0644,10004,10004,31791104,80,talk.db-mj36C4B0DD,01-01-1970 00:00,01-01-1970 00:00,640,01-01-1970 00:00,file
0600,10025,10025,684032,66,c481a984,06-05-2011 18:28,06-05-2011 18:28,486,06-05-2011 18:28,file
0755,1007,1007,274415616,4294967295,com.android.bugreport,04-05-2011 23:17,04-05-2011 23:17,270,04-05-2011 23:17,directory
0755,1000,1000,4730880,4294967295,com.google.android.systemupdater,04-05-2011 23:18,04-05-2011 23:18,270,04-05-2011 23:17,directory
0600,1000,1000,256055296,740,usage-20110507,08-05-2011 00:46,08-05-2011 00:46,285,08-05-2011 00:46,file
0600,1000,1000,30040064,27468,batterystats.bin,11-05-2011 18:10,11-05-2011 18:10,282,11-05-2011 18:10,file
0644,10004,10004,269494272,80,talk.db-mj5CB4AE69,08-05-2011 17:48,08-05-2011 17:48,640,08-05-2011 17:48,file
0600,10034,10034,217532416,1180,AVMC_U9634bb16_SA_-7498726750504503534,06-05-2011 18:26,06-05-2011 18:26,884,06-05-2011 18:26,file
0644,10004,10004,271091712,80,talk.db-mj6A2D2EA1,08-05-2011 17:58,08-05-2011 17:58,640,08-05-2011 17:58,file
0600,10025,10025,39022592,13646,61750efa,05-05-2011 00:07,05-05-2011 00:07,486,05-05-2011 00:07,file
0600,10025,10025,232333312,285,d467bf50,05-05-2011 00:07,05-05-2011 00:07,486,05-05-2011 00:07,file
0660,10001,10001,268232704,125,dialtacts.xml,08-05-2011 17:34,08-05-2011 17:34,613,08-05-2011 17:34,file
0600,10025,10025,224421888,407,7ccddd8a,06-05-2011 18:27,06-05-2011 18:27,486,06-05-2011 18:27,file
0644,10004,10004,259381248,80,talk.db-mj3FEB18A3,08-05-2011 02:08,08-05-2011 02:08,640,08-05-2011 02:08,file
0644,10004,10004,22044672,80,talk.db-mj42ABB877,11-05-2011 17:38,11-05-2011 17:38,640,11-05-2011 17:38,file
0600,10025,10025,37218304,240890,f9370333,06-05-2011 18:27,06-05-2011 18:27,486,06-05-2011 18:27,file
0600,10034,10034,217919488,3869,AVMC_U9634bb16_GIR_8692145344199919748_0_0,06-05-2011 18:26,06-05-2011 18:26,884,06-05-2011 18:26,file
0600,1000,1000,29990912,872,usage-20110511,11-05-2011 18:10,11-05-2011 18:10,285,11-05-2011 18:10,file
0770,1010,1010,268242944,4294967295,wifi,08-05-2011 17:34,08-05-2011 17:34,262,04-05-2011 23:17,directory
0755,10020,10020,5509120,4294967295,com.android.mms,04-05-2011 23:18,04-05-2011 23:18,270,04-05-2011 23:17,directory
0600,1000,1000,15560704,3344,usage-20110508.bak,08-05-2011 19:10,08-05-2011 19:10,285,08-05-2011 19:10,file
0644,10004,10004,22016000,80,talk.db-mj50633DEC,11-05-2011 17:38,11-05-2011 17:38,640,11-05-2011 17:38,file
0644,10001,10001,14053376,82,contacts2.db-mj6DCD63BC,08-05-2011 18:52,08-05-2011 18:52,663,08-05-2011 18:52,file
0755,1000,1000,232161280,4294967295,com.android.providers.subscribedfeeds,04-05-2011 23:17,04-05-2011 23:17,270,04-05-2011 23:17,directory
